id,text,label,scam_type,language,communication_type,urgency,threat,impersonation,payment_request,credential_request,otp_request,remote_access_request,suspicious_link,reward_or_promise,fear,authority_claim,financial_pressure,sender_type,beneficiary_present,transaction_present,transaction_amount,link_present,action_requested,sensitive_information_requested,source_type,split,annotation_status,notes
M0001,लेनदेन रद्द करने के लिए आपके फोन पर आया OTP बताइए।,SCAM,OTP_CREDENTIAL_THEFT,HINDI,EMAIL,0,0,1,0,0,1,0,0,0,0,0,0,CUSTOMER_SUPPORT,0,0,0,0,SHARE_OTP,1,SYNTHETIC,TRAIN,ANNOTATED,Synthetic prototype example; intentionally contains social-engineering cues.
M0002,KYC update nahi hua hai. 2 ghante mein banking service band ho jayegi. Link par details submit karo.,SCAM,KYC,HINGLISH,SMS,0,1,1,0,1,0,0,1,0,1,1,0,BANK,0,0,0,1,OPEN_LINK,1,SYNTHETIC,TRAIN,ANNOTATED,Synthetic prototype example; intentionally contains social-engineering cues.
M0003,इस योजना में आज ₹999 लगाएं और गारंटीड तीन गुना रिटर्न पाएं।,SCAM,INVESTMENT,HINDI,SMS,1,0,1,1,0,0,0,0,1,0,0,1,UNKNOWN,1,1,499,0,TRANSFER_MONEY,0,SYNTHETIC,TRAIN,ANNOTATED,Synthetic prototype example; intentionally contains social-engineering cues.
M0004,"Your refund has been approved. To release ₹2,500, first pay the processing charge through this UPI request.",SCAM,REFUND,ENGLISH,CHAT,0,0,1,1,0,0,0,0,1,0,0,0,CUSTOMER_SUPPORT,1,1,499,0,TRANSFER_MONEY,0,SYNTHETIC,TRAIN,ANNOTATED,Synthetic prototype example; intentionally contains social-engineering cues.
M0005,"मैं मुसीबत में हूं। इस नए UPI पर ₹25,000 अभी भेजो और किसी को फोन मत करना।",SCAM,FAMILY_EMERGENCY,HINDI,SMS,1,0,1,1,0,0,0,0,0,0,0,1,UNKNOWN,1,1,4999,0,TRANSFER_MONEY,0,SYNTHETIC,TRAIN,ANNOTATED,Synthetic prototype example; intentionally contains social-engineering cues.
M0006,"Your parcel is held by customs. Pay ₹25,000 immediately through the link or the parcel will be destroyed and a case may be filed.",SCAM,COURIER_CUSTOMS,ENGLISH,CHAT,1,1,1,1,0,0,0,1,0,1,1,1,CUSTOMER_SUPPORT,1,1,1499,1,TRANSFER_MONEY,0,SYNTHETIC,TRAIN,ANNOTATED,Synthetic prototype example; intentionally contains social-engineering cues.
M0007,Work from home job select ho gaya hai. Joining ke liye ₹999 security fee abhi bhejo.,SCAM,JOB,HINGLISH,EMAIL,1,0,1,1,0,0,0,0,1,0,0,1,UNKNOWN,1,1,999,0,TRANSFER_MONEY,0,SYNTHETIC,TRAIN,ANNOTATED,Synthetic prototype example; intentionally contains social-engineering cues.
M0008,"Aapne ₹4,999 ka prize jeeta hai. Claim karne ke liye verification fee bhejo.",SCAM,PRIZE_REWARD,HINGLISH,SMS,0,0,1,1,0,0,0,0,1,0,0,0,UNKNOWN,1,1,50000,0,TRANSFER_MONEY,0,SYNTHETIC,TRAIN,ANNOTATED,Synthetic prototype example; intentionally contains social-engineering cues.
M0009,Aapka courier customs mein rok diya gaya hai. ₹999 pay nahi kiya toh parcel cancel aur case hoga.,SCAM,COURIER_CUSTOMS,HINGLISH,CHAT,0,1,1,1,0,0,0,0,0,1,1,1,CUSTOMER_SUPPORT,1,1,10000,0,TRANSFER_MONEY,0,SYNTHETIC,TRAIN,ANNOTATED,Synthetic prototype example; intentionally contains social-engineering cues.
M0010,We are from customer support. Your recent payment failed. Install the support app so we can fix the issue and refund your money.,SCAM,CUSTOMER_SUPPORT,ENGLISH,SMS,0,0,1,1,0,0,0,0,0,0,1,0,CUSTOMER_SUPPORT,1,1,4999,0,TRANSFER_MONEY,0,SYNTHETIC,TRAIN,ANNOTATED,Synthetic prototype example; intentionally contains social-engineering cues.
M0011,Bank se bol raha hoon. Aapka account aaj block ho jayega. KYC ke liye link open karo aur OTP batao.,SCAM,BANK_IMPERSONATION,HINGLISH,CALL_TRANSCRIPT,1,1,1,0,0,1,0,1,0,1,1,0,BANK,0,0,0,1,SHARE_OTP,1,SYNTHETIC,TRAIN,ANNOTATED,Synthetic prototype example; intentionally contains social-engineering cues.
M0012,लेनदेन रद्द करने के लिए आपके फोन पर आया OTP बताइए।,SCAM,OTP_CREDENTIAL_THEFT,HINDI,EMAIL,0,0,1,0,0,1,0,0,0,0,0,0,CUSTOMER_SUPPORT,0,0,0,0,SHARE_OTP,1,SYNTHETIC,TRAIN,ANNOTATED,Synthetic prototype example; intentionally contains social-engineering cues.
M0013,"I am in trouble and need money urgently. Please transfer ₹4,999 to this new UPI ID right now. Do not call anyone.",SCAM,FAMILY_EMERGENCY,ENGLISH,CHAT,1,0,1,1,0,0,0,0,0,0,0,1,UNKNOWN,1,1,999,0,TRANSFER_MONEY,0,SYNTHETIC,TRAIN,ANNOTATED,Synthetic prototype example; intentionally contains social-engineering cues.
M0014,"इस योजना में आज ₹2,500 लगाएं और गारंटीड तीन गुना रिटर्न पाएं।",SCAM,INVESTMENT,HINDI,EMAIL,1,0,1,1,0,0,0,0,1,0,0,1,UNKNOWN,1,1,25000,0,TRANSFER_MONEY,0,SYNTHETIC,TRAIN,ANNOTATED,Synthetic prototype example; intentionally contains social-engineering cues.
M0015,लेनदेन रद्द करने के लिए आपके फोन पर आया OTP बताइए।,SCAM,OTP_CREDENTIAL_THEFT,HINDI,SMS,0,0,1,0,0,1,0,0,0,0,0,0,CUSTOMER_SUPPORT,0,0,0,0,SHARE_OTP,1,SYNTHETIC,TRAIN,ANNOTATED,Synthetic prototype example; intentionally contains social-engineering cues.
M0016,Bank se bol raha hoon. Aapka account aaj block ho jayega. KYC ke liye link open karo aur OTP batao.,SCAM,BANK_IMPERSONATION,HINGLISH,EMAIL,1,1,1,0,0,1,0,1,0,1,1,0,BANK,0,0,0,1,SHARE_OTP,1,SYNTHETIC,TRAIN,ANNOTATED,Synthetic prototype example; intentionally contains social-engineering cues.
M0017,We are from customer support. Your recent payment failed. Install the support app so we can fix the issue and refund your money.,SCAM,CUSTOMER_SUPPORT,ENGLISH,CHAT,0,0,1,1,0,0,0,0,0,0,1,0,CUSTOMER_SUPPORT,1,1,10000,0,TRANSFER_MONEY,0,SYNTHETIC,TRAIN,ANNOTATED,Synthetic prototype example; intentionally contains social-engineering cues.
M0018,"मैं मुसीबत में हूं। इस नए UPI पर ₹50,000 अभी भेजो और किसी को फोन मत करना।",SCAM,FAMILY_EMERGENCY,HINDI,CHAT,1,0,1,1,0,0,0,0,0,0,0,1,UNKNOWN,1,1,50000,0,TRANSFER_MONEY,0,SYNTHETIC,TRAIN,ANNOTATED,Synthetic prototype example; intentionally contains social-engineering cues.
M0019,"Refund lene ke liye ₹1,499 ka UPI collect request approve karo, tabhi paisa milega.",SCAM,UPI_PAYMENT,HINGLISH,CALL_TRANSCRIPT,1,0,1,1,0,0,0,0,0,0,0,1,CUSTOMER_SUPPORT,1,1,4999,0,TRANSFER_MONEY,0,SYNTHETIC,TRAIN,ANNOTATED,Synthetic prototype example; intentionally contains social-engineering cues.
M0020,तकनीकी जांच के लिए AnyDesk इंस्टॉल करें और एक्सेस कोड साझा करें।,SCAM,REMOTE_ACCESS,HINDI,CHAT,0,0,1,0,0,0,1,0,0,0,0,0,CUSTOMER_SUPPORT,0,0,0,0,INSTALL_REMOTE_APP,1,SYNTHETIC,TRAIN,ANNOTATED,Synthetic prototype example; intentionally contains social-engineering cues.
M0021,मैं ग्राहक सहायता से हूं। भुगतान ठीक करने के लिए यह ऐप इंस्टॉल करें और स्क्रीन साझा करें।,SCAM,CUSTOMER_SUPPORT,HINDI,SMS,0,0,1,0,0,0,1,0,0,0,1,0,CUSTOMER_SUPPORT,0,0,0,0,INSTALL_REMOTE_APP,1,SYNTHETIC,TRAIN,ANNOTATED,Synthetic prototype example; intentionally contains social-engineering cues.
M0022,"For technical verification, install AnyDesk and share the access code. Do not disconnect until we complete the process.",SCAM,REMOTE_ACCESS,ENGLISH,SMS,0,0,1,0,0,0,1,0,0,0,0,0,CUSTOMER_SUPPORT,0,0,0,0,INSTALL_REMOTE_APP,1,SYNTHETIC,TRAIN,ANNOTATED,Synthetic prototype example; intentionally contains social-engineering cues.
M0023,"Aapka courier customs mein rok diya gaya hai. ₹25,000 pay nahi kiya toh parcel cancel aur case hoga.",SCAM,COURIER_CUSTOMS,HINGLISH,SMS,0,1,1,1,0,0,0,0,0,1,1,1,CUSTOMER_SUPPORT,1,1,4999,0,TRANSFER_MONEY,0,SYNTHETIC,TRAIN,ANNOTATED,Synthetic prototype example; intentionally contains social-engineering cues.
M0024,"Congratulations! You are selected for a work-from-home job. Pay ₹4,999 registration/security fee today to receive your joining letter.",SCAM,JOB,ENGLISH,EMAIL,1,0,1,1,0,0,0,0,1,0,0,1,UNKNOWN,1,1,999,0,TRANSFER_MONEY,0,SYNTHETIC,TRAIN,ANNOTATED,Synthetic prototype example; intentionally contains social-engineering cues.
M0025,"Mujhe urgent problem hai. Is naye UPI ID par ₹1,499 bhej do, please kisi ko call mat karna.",SCAM,FAMILY_EMERGENCY,HINGLISH,CHAT,1,0,1,1,0,0,0,0,0,0,0,1,UNKNOWN,1,1,4999,0,TRANSFER_MONEY,0,SYNTHETIC,TRAIN,ANNOTATED,Synthetic prototype example; intentionally contains social-engineering cues.
M0026,मैं ग्राहक सहायता से हूं। भुगतान ठीक करने के लिए यह ऐप इंस्टॉल करें और स्क्रीन साझा करें।,SCAM,CUSTOMER_SUPPORT,HINDI,CHAT,0,0,1,0,0,0,1,0,0,0,1,0,CUSTOMER_SUPPORT,0,0,0,0,INSTALL_REMOTE_APP,1,SYNTHETIC,TRAIN,ANNOTATED,Synthetic prototype example; intentionally contains social-engineering cues.
M0027,"For technical verification, install AnyDesk and share the access code. Do not disconnect until we complete the process.",SCAM,REMOTE_ACCESS,ENGLISH,SMS,0,0,1,0,0,0,1,0,0,0,0,0,CUSTOMER_SUPPORT,0,0,0,0,INSTALL_REMOTE_APP,1,SYNTHETIC,TRAIN,ANNOTATED,Synthetic prototype example; intentionally contains social-engineering cues.
M0028,"आपका पार्सल कस्टम्स में है। ₹10,000 तुरंत जमा करें वरना पार्सल रद्द होगा।",SCAM,COURIER_CUSTOMS,HINDI,EMAIL,1,0,1,1,0,0,0,0,0,1,1,1,CUSTOMER_SUPPORT,1,1,999,0,TRANSFER_MONEY,0,SYNTHETIC,TRAIN,ANNOTATED,Synthetic prototype example; intentionally contains social-engineering cues.
M0029,"Aapka refund ready hai, lekin release charge ₹2,500 pehle pay karna hoga. Abhi payment karo.",SCAM,REFUND,HINGLISH,SMS,1,0,1,1,0,0,0,0,1,0,0,1,CUSTOMER_SUPPORT,1,1,999,0,TRANSFER_MONEY,0,SYNTHETIC,TRAIN,ANNOTATED,Synthetic prototype example; intentionally contains social-engineering cues.
M0030,साइबर अपराध विभाग से बोल रहा हूं। आपके आधार से केस जुड़ा है। सत्यापन के लिए ₹999 भेजें।,SCAM,DIGITAL_ARREST,HINDI,CALL_TRANSCRIPT,0,1,1,1,0,0,0,0,0,1,1,1,CUSTOMER_SUPPORT,1,1,1499,0,TRANSFER_MONEY,0,SYNTHETIC,TRAIN,ANNOTATED,Synthetic prototype example; intentionally contains social-engineering cues.
M0031,"आपकी नौकरी पक्की हो गई है। जॉइनिंग से पहले ₹1,499 सुरक्षा शुल्क भेजें।",SCAM,JOB,HINDI,CHAT,0,0,1,1,0,0,0,0,1,0,0,0,UNKNOWN,1,1,25000,0,TRANSFER_MONEY,0,SYNTHETIC,TRAIN,ANNOTATED,Synthetic prototype example; intentionally contains social-engineering cues.
M0032,"इस योजना में आज ₹2,500 लगाएं और गारंटीड तीन गुना रिटर्न पाएं।",SCAM,INVESTMENT,HINDI,CALL_TRANSCRIPT,1,0,1,1,0,0,0,0,1,0,0,1,UNKNOWN,1,1,10000,0,TRANSFER_MONEY,0,SYNTHETIC,TRAIN,ANNOTATED,Synthetic prototype example; intentionally contains social-engineering cues.
M0033,"आपका रिफंड स्वीकृत है। ₹50,000 का प्रोसेसिंग शुल्क पहले जमा करें।",SCAM,REFUND,HINDI,SMS,0,0,1,1,0,0,0,0,1,0,0,0,CUSTOMER_SUPPORT,1,1,2500,0,TRANSFER_MONEY,0,SYNTHETIC,TRAIN,ANNOTATED,Synthetic prototype example; intentionally contains social-engineering cues.
M0034,Work from home job select ho gaya hai. Joining ke liye ₹499 security fee abhi bhejo.,SCAM,JOB,HINGLISH,CHAT,1,0,1,1,0,0,0,0,1,0,0,1,UNKNOWN,1,1,2500,0,TRANSFER_MONEY,0,SYNTHETIC,TRAIN,ANNOTATED,Synthetic prototype example; intentionally contains social-engineering cues.
M0035,Your bank account will be blocked today. Verify your KYC immediately using the link below and share the OTP with our executive.,SCAM,BANK_IMPERSONATION,ENGLISH,CHAT,1,1,1,0,0,1,0,1,0,1,1,0,BANK,0,0,0,1,SHARE_OTP,1,SYNTHETIC,TRAIN,ANNOTATED,Synthetic prototype example; intentionally contains social-engineering cues.
M0036,We are from customer support. Your recent payment failed. Install the support app so we can fix the issue and refund your money.,SCAM,CUSTOMER_SUPPORT,ENGLISH,EMAIL,0,0,1,1,0,0,0,0,0,0,1,0,CUSTOMER_SUPPORT,1,1,2500,0,TRANSFER_MONEY,0,SYNTHETIC,TRAIN,ANNOTATED,Synthetic prototype example; intentionally contains social-engineering cues.
M0037,"साइबर अपराध विभाग से बोल रहा हूं। आपके आधार से केस जुड़ा है। सत्यापन के लिए ₹2,500 भेजें।",SCAM,DIGITAL_ARREST,HINDI,CHAT,0,1,1,1,0,0,0,0,0,1,1,1,CUSTOMER_SUPPORT,1,1,50000,0,TRANSFER_MONEY,0,SYNTHETIC,TRAIN,ANNOTATED,Synthetic prototype example; intentionally contains social-engineering cues.
M0038,"रिफंड पाने के लिए ₹25,000 का UPI अनुरोध स्वीकार करें। तभी पैसा मिलेगा।",SCAM,UPI_PAYMENT,HINDI,CALL_TRANSCRIPT,0,0,1,1,0,0,0,0,0,0,0,0,CUSTOMER_SUPPORT,1,1,999,0,TRANSFER_MONEY,0,SYNTHETIC,TRAIN,ANNOTATED,Synthetic prototype example; intentionally contains social-engineering cues.
M0039,"Aapne ₹25,000 ka prize jeeta hai. Claim karne ke liye verification fee bhejo.",SCAM,PRIZE_REWARD,HINGLISH,SMS,0,0,1,1,0,0,0,0,1,0,0,0,UNKNOWN,1,1,499,0,TRANSFER_MONEY,0,SYNTHETIC,TRAIN,ANNOTATED,Synthetic prototype example; intentionally contains social-engineering cues.
M0040,"This is an official cyber-crime notice. Your Aadhaar is linked to an illegal case. Stay on the call and transfer ₹25,000 for verification.",SCAM,DIGITAL_ARREST,ENGLISH,CHAT,0,1,1,1,0,0,0,1,0,1,1,1,CUSTOMER_SUPPORT,1,1,2500,1,TRANSFER_MONEY,0,SYNTHETIC,TRAIN,ANNOTATED,Synthetic prototype example; intentionally contains social-engineering cues.
M0041,Your transaction is being cancelled. Tell me the OTP you just received so I can reverse the payment.,SCAM,OTP_CREDENTIAL_THEFT,ENGLISH,EMAIL,0,0,1,1,0,1,0,0,0,0,0,0,CUSTOMER_SUPPORT,1,1,1499,0,TRANSFER_MONEY,1,SYNTHETIC,TRAIN,ANNOTATED,Synthetic prototype example; intentionally contains social-engineering cues.
M0042,आपका KYC लंबित है। दो घंटे में बैंकिंग सेवा बंद हो जाएगी। अभी विवरण भरें।,SCAM,KYC,HINDI,SMS,1,1,1,0,1,0,0,0,0,1,1,0,BANK,0,0,0,0,OPEN_LINK,1,SYNTHETIC,TRAIN,ANNOTATED,Synthetic prototype example; intentionally contains social-engineering cues.
M0043,This is an official cyber-crime notice. Your Aadhaar is linked to an illegal case. Stay on the call and transfer ₹499 for verification.,SCAM,DIGITAL_ARREST,ENGLISH,CALL_TRANSCRIPT,0,1,1,1,0,0,0,1,0,1,1,1,CUSTOMER_SUPPORT,1,1,1499,1,TRANSFER_MONEY,0,SYNTHETIC,TRAIN,ANNOTATED,Synthetic prototype example; intentionally contains social-engineering cues.
M0044,"साइबर अपराध विभाग से बोल रहा हूं। आपके आधार से केस जुड़ा है। सत्यापन के लिए ₹50,000 भेजें।",SCAM,DIGITAL_ARREST,HINDI,CHAT,0,1,1,1,0,0,0,0,0,1,1,1,CUSTOMER_SUPPORT,1,1,499,0,TRANSFER_MONEY,0,SYNTHETIC,TRAIN,ANNOTATED,Synthetic prototype example; intentionally contains social-engineering cues.
M0045,Aapka courier customs mein rok diya gaya hai. ₹499 pay nahi kiya toh parcel cancel aur case hoga.,SCAM,COURIER_CUSTOMS,HINGLISH,EMAIL,0,1,1,1,0,0,0,0,0,1,1,1,CUSTOMER_SUPPORT,1,1,50000,0,TRANSFER_MONEY,0,SYNTHETIC,TRAIN,ANNOTATED,Synthetic prototype example; intentionally contains social-engineering cues.
M0046,"Mujhe urgent problem hai. Is naye UPI ID par ₹50,000 bhej do, please kisi ko call mat karna.",SCAM,FAMILY_EMERGENCY,HINGLISH,CHAT,1,0,1,1,0,0,0,0,0,0,0,1,UNKNOWN,1,1,4999,0,TRANSFER_MONEY,0,SYNTHETIC,TRAIN,ANNOTATED,Synthetic prototype example; intentionally contains social-engineering cues.
M0047,This is an official cyber-crime notice. Your Aadhaar is linked to an illegal case. Stay on the call and transfer ₹499 for verification.,SCAM,DIGITAL_ARREST,ENGLISH,CALL_TRANSCRIPT,0,1,1,1,0,0,0,1,0,1,1,1,CUSTOMER_SUPPORT,1,1,499,1,TRANSFER_MONEY,0,SYNTHETIC,TRAIN,ANNOTATED,Synthetic prototype example; intentionally contains social-engineering cues.
M0048,मैं ग्राहक सहायता से हूं। भुगतान ठीक करने के लिए यह ऐप इंस्टॉल करें और स्क्रीन साझा करें।,SCAM,CUSTOMER_SUPPORT,HINDI,SMS,0,0,1,0,0,0,1,0,0,0,1,0,CUSTOMER_SUPPORT,0,0,0,0,INSTALL_REMOTE_APP,1,SYNTHETIC,TRAIN,ANNOTATED,Synthetic prototype example; intentionally contains social-engineering cues.
M0049,Suspicious activity was detected. Your account will be permanently suspended unless you confirm your login and card information at http://verify-example.test.,SCAM,ACCOUNT_SUSPENSION,ENGLISH,CHAT,0,1,1,0,1,0,0,1,0,1,1,0,BANK,0,0,0,1,OPEN_LINK,1,SYNTHETIC,TRAIN,ANNOTATED,Synthetic prototype example; intentionally contains social-engineering cues.
M0050,Aapka account suspend hone wala hai. Login details verify karne ke liye ye link open karo.,SCAM,ACCOUNT_SUSPENSION,HINGLISH,SMS,0,1,1,0,1,0,0,1,0,1,1,0,BANK,0,0,0,1,OPEN_LINK,1,SYNTHETIC,TRAIN,ANNOTATED,Synthetic prototype example; intentionally contains social-engineering cues.
M0051,संदिग्ध गतिविधि मिली है। खाता बंद होने से पहले इस लिंक पर लॉगिन जानकारी भरें।,SCAM,ACCOUNT_SUSPENSION,HINDI,EMAIL,0,1,1,0,1,0,0,1,0,1,1,0,BANK,0,0,0,1,OPEN_LINK,1,SYNTHETIC,TRAIN,ANNOTATED,Synthetic prototype example; intentionally contains social-engineering cues.
M0052,"Refund lene ke liye ₹2,500 ka UPI collect request approve karo, tabhi paisa milega.",SCAM,UPI_PAYMENT,HINGLISH,CHAT,1,0,1,1,0,0,0,0,0,0,0,1,CUSTOMER_SUPPORT,1,1,10000,0,TRANSFER_MONEY,0,SYNTHETIC,TRAIN,ANNOTATED,Synthetic prototype example; intentionally contains social-engineering cues.
M0053,"Refund lene ke liye ₹25,000 ka UPI collect request approve karo, tabhi paisa milega.",SCAM,UPI_PAYMENT,HINGLISH,CALL_TRANSCRIPT,1,0,1,1,0,0,0,0,0,0,0,1,CUSTOMER_SUPPORT,1,1,4999,0,TRANSFER_MONEY,0,SYNTHETIC,TRAIN,ANNOTATED,Synthetic prototype example; intentionally contains social-engineering cues.
M0054,"Guaranteed return milega. Aaj ₹999 invest karo, account activate karke profit dikha denge.",SCAM,INVESTMENT,HINGLISH,SMS,1,0,1,1,0,0,0,0,1,0,0,1,UNKNOWN,1,1,999,0,TRANSFER_MONEY,0,SYNTHETIC,TRAIN,ANNOTATED,Synthetic prototype example; intentionally contains social-engineering cues.
M0055,"इस योजना में आज ₹2,500 लगाएं और गारंटीड तीन गुना रिटर्न पाएं।",SCAM,INVESTMENT,HINDI,EMAIL,1,0,1,1,0,0,0,0,1,0,0,1,UNKNOWN,1,1,1499,0,TRANSFER_MONEY,0,SYNTHETIC,TRAIN,ANNOTATED,Synthetic prototype example; intentionally contains social-engineering cues.
M0056,We are from customer support. Your recent payment failed. Install the support app so we can fix the issue and refund your money.,SCAM,CUSTOMER_SUPPORT,ENGLISH,CALL_TRANSCRIPT,0,0,1,1,0,0,0,0,0,0,1,0,CUSTOMER_SUPPORT,1,1,1499,0,TRANSFER_MONEY,0,SYNTHETIC,TRAIN,ANNOTATED,Synthetic prototype example; intentionally contains social-engineering cues.
M0057,"इस योजना में आज ₹4,999 लगाएं और गारंटीड तीन गुना रिटर्न पाएं।",SCAM,INVESTMENT,HINDI,EMAIL,1,0,1,1,0,0,0,0,1,0,0,1,UNKNOWN,1,1,499,0,TRANSFER_MONEY,0,SYNTHETIC,TRAIN,ANNOTATED,Synthetic prototype example; intentionally contains social-engineering cues.
M0058,"Guaranteed 3x return this week. Send ₹1,499 to the provided account now and our analyst will activate your premium plan.",SCAM,INVESTMENT,ENGLISH,CHAT,1,0,1,1,0,0,0,0,1,0,0,1,UNKNOWN,1,1,999,0,TRANSFER_MONEY,0,SYNTHETIC,TRAIN,ANNOTATED,Synthetic prototype example; intentionally contains social-engineering cues.
M0059,"Cyber crime department se call hai. Aapka Aadhaar illegal case mein hai. Verification ke liye ₹4,999 transfer karo.",SCAM,DIGITAL_ARREST,HINGLISH,CHAT,0,1,1,1,0,0,0,0,0,1,1,1,CUSTOMER_SUPPORT,1,1,10000,0,TRANSFER_MONEY,0,SYNTHETIC,TRAIN,ANNOTATED,Synthetic prototype example; intentionally contains social-engineering cues.
M0060,लेनदेन रद्द करने के लिए आपके फोन पर आया OTP बताइए।,SCAM,OTP_CREDENTIAL_THEFT,HINDI,EMAIL,0,0,1,0,0,1,0,0,0,0,0,0,CUSTOMER_SUPPORT,0,0,0,0,SHARE_OTP,1,SYNTHETIC,TRAIN,ANNOTATED,Synthetic prototype example; intentionally contains social-engineering cues.
M0061,This is an official cyber-crime notice. Your Aadhaar is linked to an illegal case. Stay on the call and transfer ₹999 for verification.,SCAM,DIGITAL_ARREST,ENGLISH,SMS,0,1,1,1,0,0,0,1,0,1,1,1,CUSTOMER_SUPPORT,1,1,4999,1,TRANSFER_MONEY,0,SYNTHETIC,TRAIN,ANNOTATED,Synthetic prototype example; intentionally contains social-engineering cues.
M0062,Your bank account will be blocked today. Verify your KYC immediately using the link below and share the OTP with our executive.,SCAM,BANK_IMPERSONATION,ENGLISH,EMAIL,1,1,1,0,0,1,0,1,0,1,1,0,BANK,0,0,0,1,SHARE_OTP,1,SYNTHETIC,TRAIN,ANNOTATED,Synthetic prototype example; intentionally contains social-engineering cues.
M0063,"Your parcel is held by customs. Pay ₹50,000 immediately through the link or the parcel will be destroyed and a case may be filed.",SCAM,COURIER_CUSTOMS,ENGLISH,SMS,1,1,1,1,0,0,0,1,0,1,1,1,CUSTOMER_SUPPORT,1,1,25000,1,TRANSFER_MONEY,0,SYNTHETIC,TRAIN,ANNOTATED,Synthetic prototype example; intentionally contains social-engineering cues.
M0064,Congratulations! You are selected for a work-from-home job. Pay ₹999 registration/security fee today to receive your joining letter.,SCAM,JOB,ENGLISH,EMAIL,1,0,1,1,0,0,0,0,1,0,0,1,UNKNOWN,1,1,499,0,TRANSFER_MONEY,0,SYNTHETIC,TRAIN,ANNOTATED,Synthetic prototype example; intentionally contains social-engineering cues.
M0065,तकनीकी जांच के लिए AnyDesk इंस्टॉल करें और एक्सेस कोड साझा करें।,SCAM,REMOTE_ACCESS,HINDI,SMS,0,0,1,0,0,0,1,0,0,0,0,0,CUSTOMER_SUPPORT,0,0,0,0,INSTALL_REMOTE_APP,1,SYNTHETIC,TRAIN,ANNOTATED,Synthetic prototype example; intentionally contains social-engineering cues.
M0066,"Aapka refund ready hai, lekin release charge ₹10,000 pehle pay karna hoga. Abhi payment karo.",SCAM,REFUND,HINGLISH,CHAT,1,0,1,1,0,0,0,0,1,0,0,1,CUSTOMER_SUPPORT,1,1,2500,0,TRANSFER_MONEY,0,SYNTHETIC,TRAIN,ANNOTATED,Synthetic prototype example; intentionally contains social-engineering cues.
M0067,"Guaranteed 3x return this week. Send ₹10,000 to the provided account now and our analyst will activate your premium plan.",SCAM,INVESTMENT,ENGLISH,CHAT,1,0,1,1,0,0,0,0,1,0,0,1,UNKNOWN,1,1,1499,0,TRANSFER_MONEY,0,SYNTHETIC,TRAIN,ANNOTATED,Synthetic prototype example; intentionally contains social-engineering cues.
M0068,"Your parcel is held by customs. Pay ₹1,499 immediately through the link or the parcel will be destroyed and a case may be filed.",SCAM,COURIER_CUSTOMS,ENGLISH,EMAIL,1,1,1,1,0,0,0,1,0,1,1,1,CUSTOMER_SUPPORT,1,1,1499,1,TRANSFER_MONEY,0,SYNTHETIC,TRAIN,ANNOTATED,Synthetic prototype example; intentionally contains social-engineering cues.
M0069,Payment reverse karne ke liye jo OTP aaya hai woh mujhe batao.,SCAM,OTP_CREDENTIAL_THEFT,HINGLISH,CALL_TRANSCRIPT,0,0,1,1,0,1,0,0,0,0,0,0,CUSTOMER_SUPPORT,1,1,999,0,TRANSFER_MONEY,1,SYNTHETIC,TRAIN,ANNOTATED,Synthetic prototype example; intentionally contains social-engineering cues.
M0070,"Your UPI refund is pending. Please approve the collect request of ₹50,000 to receive the refund today.",SCAM,UPI_PAYMENT,ENGLISH,EMAIL,1,0,1,1,0,0,0,0,0,0,0,1,CUSTOMER_SUPPORT,1,1,50000,0,TRANSFER_MONEY,0,SYNTHETIC,TRAIN,ANNOTATED,Synthetic prototype example; intentionally contains social-engineering cues.
M0071,"Aapka refund ready hai, lekin release charge ₹2,500 pehle pay karna hoga. Abhi payment karo.",SCAM,REFUND,HINGLISH,CALL_TRANSCRIPT,1,0,1,1,0,0,0,0,1,0,0,1,CUSTOMER_SUPPORT,1,1,2500,0,TRANSFER_MONEY,0,SYNTHETIC,TRAIN,ANNOTATED,Synthetic prototype example; intentionally contains social-engineering cues.
M0072,"Work from home job select ho gaya hai. Joining ke liye ₹4,999 security fee abhi bhejo.",SCAM,JOB,HINGLISH,CALL_TRANSCRIPT,1,0,1,1,0,0,0,0,1,0,0,1,UNKNOWN,1,1,10000,0,TRANSFER_MONEY,0,SYNTHETIC,TRAIN,ANNOTATED,Synthetic prototype example; intentionally contains social-engineering cues.
M0073,"इस योजना में आज ₹10,000 लगाएं और गारंटीड तीन गुना रिटर्न पाएं।",SCAM,INVESTMENT,HINDI,CHAT,1,0,1,1,0,0,0,0,1,0,0,1,UNKNOWN,1,1,4999,0,TRANSFER_MONEY,0,SYNTHETIC,TRAIN,ANNOTATED,Synthetic prototype example; intentionally contains social-engineering cues.
M0074,तकनीकी जांच के लिए AnyDesk इंस्टॉल करें और एक्सेस कोड साझा करें।,SCAM,REMOTE_ACCESS,HINDI,CALL_TRANSCRIPT,0,0,1,0,0,0,1,0,0,0,0,0,CUSTOMER_SUPPORT,0,0,0,0,INSTALL_REMOTE_APP,1,SYNTHETIC,TRAIN,ANNOTATED,Synthetic prototype example; intentionally contains social-engineering cues.
M0075,"Aapne ₹10,000 ka prize jeeta hai. Claim karne ke liye verification fee bhejo.",SCAM,PRIZE_REWARD,HINGLISH,CALL_TRANSCRIPT,0,0,1,1,0,0,0,0,1,0,0,0,UNKNOWN,1,1,999,0,TRANSFER_MONEY,0,SYNTHETIC,TRAIN,ANNOTATED,Synthetic prototype example; intentionally contains social-engineering cues.
M0076,"आपने ₹2,500 का पुरस्कार जीता है। पुरस्कार लेने के लिए सत्यापन शुल्क भेजें।",SCAM,PRIZE_REWARD,HINDI,SMS,0,0,1,1,0,0,0,0,1,0,0,0,UNKNOWN,1,1,25000,0,TRANSFER_MONEY,0,SYNTHETIC,TRAIN,ANNOTATED,Synthetic prototype example; intentionally contains social-engineering cues.
M0077,"आपका रिफंड स्वीकृत है। ₹2,500 का प्रोसेसिंग शुल्क पहले जमा करें।",SCAM,REFUND,HINDI,EMAIL,0,0,1,1,0,0,0,0,1,0,0,0,CUSTOMER_SUPPORT,1,1,999,0,TRANSFER_MONEY,0,SYNTHETIC,TRAIN,ANNOTATED,Synthetic prototype example; intentionally contains social-engineering cues.
M0078,संदिग्ध गतिविधि मिली है। खाता बंद होने से पहले इस लिंक पर लॉगिन जानकारी भरें।,SCAM,ACCOUNT_SUSPENSION,HINDI,EMAIL,0,1,1,0,1,0,0,1,0,1,1,0,BANK,0,0,0,1,OPEN_LINK,1,SYNTHETIC,TRAIN,ANNOTATED,Synthetic prototype example; intentionally contains social-engineering cues.
M0079,मैं ग्राहक सहायता से हूं। भुगतान ठीक करने के लिए यह ऐप इंस्टॉल करें और स्क्रीन साझा करें।,SCAM,CUSTOMER_SUPPORT,HINDI,EMAIL,0,0,1,0,0,0,1,0,0,0,1,0,CUSTOMER_SUPPORT,0,0,0,0,INSTALL_REMOTE_APP,1,SYNTHETIC,TRAIN,ANNOTATED,Synthetic prototype example; intentionally contains social-engineering cues.
M0080,Aapka account suspend hone wala hai. Login details verify karne ke liye ye link open karo.,SCAM,ACCOUNT_SUSPENSION,HINGLISH,CHAT,0,1,1,0,1,0,0,1,0,1,1,0,BANK,0,0,0,1,OPEN_LINK,1,SYNTHETIC,TRAIN,ANNOTATED,Synthetic prototype example; intentionally contains social-engineering cues.
M0081,Payment reverse karne ke liye jo OTP aaya hai woh mujhe batao.,SCAM,OTP_CREDENTIAL_THEFT,HINGLISH,EMAIL,0,0,1,1,0,1,0,0,0,0,0,0,CUSTOMER_SUPPORT,1,1,1499,0,TRANSFER_MONEY,1,SYNTHETIC,TRAIN,ANNOTATED,Synthetic prototype example; intentionally contains social-engineering cues.
M0082,Aapka account suspend hone wala hai. Login details verify karne ke liye ye link open karo.,SCAM,ACCOUNT_SUSPENSION,HINGLISH,CHAT,0,1,1,0,1,0,0,1,0,1,1,0,BANK,0,0,0,1,OPEN_LINK,1,SYNTHETIC,TRAIN,ANNOTATED,Synthetic prototype example; intentionally contains social-engineering cues.
M0083,"Mujhe urgent problem hai. Is naye UPI ID par ₹10,000 bhej do, please kisi ko call mat karna.",SCAM,FAMILY_EMERGENCY,HINGLISH,CHAT,1,0,1,1,0,0,0,0,0,0,0,1,UNKNOWN,1,1,50000,0,TRANSFER_MONEY,0,SYNTHETIC,TRAIN,ANNOTATED,Synthetic prototype example; intentionally contains social-engineering cues.
M0084,मैं ग्राहक सहायता से हूं। भुगतान ठीक करने के लिए यह ऐप इंस्टॉल करें और स्क्रीन साझा करें।,SCAM,CUSTOMER_SUPPORT,HINDI,SMS,0,0,1,0,0,0,1,0,0,0,1,0,CUSTOMER_SUPPORT,0,0,0,0,INSTALL_REMOTE_APP,1,SYNTHETIC,TRAIN,ANNOTATED,Synthetic prototype example; intentionally contains social-engineering cues.
M0085,"Main customer care se bol raha hoon. Payment fail hua hai, support app install karo aur screen share karo.",SCAM,CUSTOMER_SUPPORT,HINGLISH,CHAT,0,0,1,1,0,0,1,0,0,0,1,0,CUSTOMER_SUPPORT,1,1,4999,0,TRANSFER_MONEY,1,SYNTHETIC,TRAIN,ANNOTATED,Synthetic prototype example; intentionally contains social-engineering cues.
M0086,Your transaction is being cancelled. Tell me the OTP you just received so I can reverse the payment.,SCAM,OTP_CREDENTIAL_THEFT,ENGLISH,CALL_TRANSCRIPT,0,0,1,1,0,1,0,0,0,0,0,0,CUSTOMER_SUPPORT,1,1,2500,0,TRANSFER_MONEY,1,SYNTHETIC,TRAIN,ANNOTATED,Synthetic prototype example; intentionally contains social-engineering cues.
M0087,संदिग्ध गतिविधि मिली है। खाता बंद होने से पहले इस लिंक पर लॉगिन जानकारी भरें।,SCAM,ACCOUNT_SUSPENSION,HINDI,CHAT,0,1,1,0,1,0,0,1,0,1,1,0,BANK,0,0,0,1,OPEN_LINK,1,SYNTHETIC,TRAIN,ANNOTATED,Synthetic prototype example; intentionally contains social-engineering cues.
M0088,"Aapka courier customs mein rok diya gaya hai. ₹50,000 pay nahi kiya toh parcel cancel aur case hoga.",SCAM,COURIER_CUSTOMS,HINGLISH,SMS,0,1,1,1,0,0,0,0,0,1,1,1,CUSTOMER_SUPPORT,1,1,1499,0,TRANSFER_MONEY,0,SYNTHETIC,TRAIN,ANNOTATED,Synthetic prototype example; intentionally contains social-engineering cues.
M0089,"Guaranteed 3x return this week. Send ₹25,000 to the provided account now and our analyst will activate your premium plan.",SCAM,INVESTMENT,ENGLISH,SMS,1,0,1,1,0,0,0,0,1,0,0,1,UNKNOWN,1,1,50000,0,TRANSFER_MONEY,0,SYNTHETIC,TRAIN,ANNOTATED,Synthetic prototype example; intentionally contains social-engineering cues.
M0090,"आपकी नौकरी पक्की हो गई है। जॉइनिंग से पहले ₹2,500 सुरक्षा शुल्क भेजें।",SCAM,JOB,HINDI,CALL_TRANSCRIPT,0,0,1,1,0,0,0,0,1,0,0,0,UNKNOWN,1,1,1499,0,TRANSFER_MONEY,0,SYNTHETIC,TRAIN,ANNOTATED,Synthetic prototype example; intentionally contains social-engineering cues.
M0091,"आपका रिफंड स्वीकृत है। ₹10,000 का प्रोसेसिंग शुल्क पहले जमा करें।",SCAM,REFUND,HINDI,CALL_TRANSCRIPT,0,0,1,1,0,0,0,0,1,0,0,0,CUSTOMER_SUPPORT,1,1,25000,0,TRANSFER_MONEY,0,SYNTHETIC,TRAIN,ANNOTATED,Synthetic prototype example; intentionally contains social-engineering cues.
M0092,"Your parcel is held by customs. Pay ₹50,000 immediately through the link or the parcel will be destroyed and a case may be filed.",SCAM,COURIER_CUSTOMS,ENGLISH,EMAIL,1,1,1,1,0,0,0,1,0,1,1,1,CUSTOMER_SUPPORT,1,1,2500,1,TRANSFER_MONEY,0,SYNTHETIC,TRAIN,ANNOTATED,Synthetic prototype example; intentionally contains social-engineering cues.
M0093,"आपका रिफंड स्वीकृत है। ₹50,000 का प्रोसेसिंग शुल्क पहले जमा करें।",SCAM,REFUND,HINDI,CALL_TRANSCRIPT,0,0,1,1,0,0,0,0,1,0,0,0,CUSTOMER_SUPPORT,1,1,4999,0,TRANSFER_MONEY,0,SYNTHETIC,TRAIN,ANNOTATED,Synthetic prototype example; intentionally contains social-engineering cues.
M0094,We are from customer support. Your recent payment failed. Install the support app so we can fix the issue and refund your money.,SCAM,CUSTOMER_SUPPORT,ENGLISH,EMAIL,0,0,1,1,0,0,0,0,0,0,1,0,CUSTOMER_SUPPORT,1,1,10000,0,TRANSFER_MONEY,0,SYNTHETIC,TRAIN,ANNOTATED,Synthetic prototype example; intentionally contains social-engineering cues.
M0095,इस योजना में आज ₹999 लगाएं और गारंटीड तीन गुना रिटर्न पाएं।,SCAM,INVESTMENT,HINDI,CALL_TRANSCRIPT,1,0,1,1,0,0,0,0,1,0,0,1,UNKNOWN,1,1,2500,0,TRANSFER_MONEY,0,SYNTHETIC,TRAIN,ANNOTATED,Synthetic prototype example; intentionally contains social-engineering cues.
M0096,"For technical verification, install AnyDesk and share the access code. Do not disconnect until we complete the process.",SCAM,REMOTE_ACCESS,ENGLISH,CALL_TRANSCRIPT,0,0,1,0,0,0,1,0,0,0,0,0,CUSTOMER_SUPPORT,0,0,0,0,INSTALL_REMOTE_APP,1,SYNTHETIC,TRAIN,ANNOTATED,Synthetic prototype example; intentionally contains social-engineering cues.
M0097,"Work from home job select ho gaya hai. Joining ke liye ₹50,000 security fee abhi bhejo.",SCAM,JOB,HINGLISH,CALL_TRANSCRIPT,1,0,1,1,0,0,0,0,1,0,0,1,UNKNOWN,1,1,2500,0,TRANSFER_MONEY,0,SYNTHETIC,TRAIN,ANNOTATED,Synthetic prototype example; intentionally contains social-engineering cues.
M0098,Aapka courier customs mein rok diya gaya hai. ₹499 pay nahi kiya toh parcel cancel aur case hoga.,SCAM,COURIER_CUSTOMS,HINGLISH,SMS,0,1,1,1,0,0,0,0,0,1,1,1,CUSTOMER_SUPPORT,1,1,50000,0,TRANSFER_MONEY,0,SYNTHETIC,TRAIN,ANNOTATED,Synthetic prototype example; intentionally contains social-engineering cues.
M0099,"Aapne ₹4,999 ka prize jeeta hai. Claim karne ke liye verification fee bhejo.",SCAM,PRIZE_REWARD,HINGLISH,CALL_TRANSCRIPT,0,0,1,1,0,0,0,0,1,0,0,0,UNKNOWN,1,1,2500,0,TRANSFER_MONEY,0,SYNTHETIC,TRAIN,ANNOTATED,Synthetic prototype example; intentionally contains social-engineering cues.
M0100,Bank se bol raha hoon. Aapka account aaj block ho jayega. KYC ke liye link open karo aur OTP batao.,SCAM,BANK_IMPERSONATION,HINGLISH,SMS,1,1,1,0,0,1,0,1,0,1,1,0,BANK,0,0,0,1,SHARE_OTP,1,SYNTHETIC,TRAIN,ANNOTATED,Synthetic prototype example; intentionally contains social-engineering cues.
M0101,"Aapka courier customs mein rok diya gaya hai. ₹10,000 pay nahi kiya toh parcel cancel aur case hoga.",SCAM,COURIER_CUSTOMS,HINGLISH,CHAT,0,1,1,1,0,0,0,0,0,1,1,1,CUSTOMER_SUPPORT,1,1,25000,0,TRANSFER_MONEY,0,SYNTHETIC,TRAIN,ANNOTATED,Synthetic prototype example; intentionally contains social-engineering cues.
M0102,आपका KYC लंबित है। दो घंटे में बैंकिंग सेवा बंद हो जाएगी। अभी विवरण भरें।,SCAM,KYC,HINDI,SMS,1,1,1,0,1,0,0,0,0,1,1,0,BANK,0,0,0,0,OPEN_LINK,1,SYNTHETIC,TRAIN,ANNOTATED,Synthetic prototype example; intentionally contains social-engineering cues.
M0103,Aapka account suspend hone wala hai. Login details verify karne ke liye ye link open karo.,SCAM,ACCOUNT_SUSPENSION,HINGLISH,CALL_TRANSCRIPT,0,1,1,0,1,0,0,1,0,1,1,0,BANK,0,0,0,1,OPEN_LINK,1,SYNTHETIC,TRAIN,ANNOTATED,Synthetic prototype example; intentionally contains social-engineering cues.
M0104,"You have won a reward of ₹50,000. Pay the small verification fee now to claim your prize.",SCAM,PRIZE_REWARD,ENGLISH,CALL_TRANSCRIPT,1,0,1,1,0,0,0,0,1,0,0,1,UNKNOWN,1,1,4999,0,TRANSFER_MONEY,0,SYNTHETIC,TRAIN,ANNOTATED,Synthetic prototype example; intentionally contains social-engineering cues.
M0105,"Guaranteed return milega. Aaj ₹2,500 invest karo, account activate karke profit dikha denge.",SCAM,INVESTMENT,HINGLISH,CALL_TRANSCRIPT,1,0,1,1,0,0,0,0,1,0,0,1,UNKNOWN,1,1,10000,0,TRANSFER_MONEY,0,SYNTHETIC,TRAIN,ANNOTATED,Synthetic prototype example; intentionally contains social-engineering cues.
M0106,"Cyber crime department se call hai. Aapka Aadhaar illegal case mein hai. Verification ke liye ₹25,000 transfer karo.",SCAM,DIGITAL_ARREST,HINGLISH,SMS,0,1,1,1,0,0,0,0,0,1,1,1,CUSTOMER_SUPPORT,1,1,50000,0,TRANSFER_MONEY,0,SYNTHETIC,TRAIN,ANNOTATED,Synthetic prototype example; intentionally contains social-engineering cues.
M0107,इस योजना में आज ₹499 लगाएं और गारंटीड तीन गुना रिटर्न पाएं।,SCAM,INVESTMENT,HINDI,SMS,1,0,1,1,0,0,0,0,1,0,0,1,UNKNOWN,1,1,999,0,TRANSFER_MONEY,0,SYNTHETIC,TRAIN,ANNOTATED,Synthetic prototype example; intentionally contains social-engineering cues.
M0108,KYC update pending. Your account services will stop within 2 hours. Complete verification at http://verify-example.test and enter your card details.,SCAM,KYC,ENGLISH,CHAT,1,0,1,0,1,0,0,1,0,0,1,0,BANK,0,0,0,1,OPEN_LINK,1,SYNTHETIC,TRAIN,ANNOTATED,Synthetic prototype example; intentionally contains social-engineering cues.
M0109,KYC update nahi hua hai. 2 ghante mein banking service band ho jayegi. Link par details submit karo.,SCAM,KYC,HINGLISH,SMS,0,1,1,0,1,0,0,1,0,1,1,0,BANK,0,0,0,1,OPEN_LINK,1,SYNTHETIC,TRAIN,ANNOTATED,Synthetic prototype example; intentionally contains social-engineering cues.
M0110,"आपने ₹2,500 का पुरस्कार जीता है। पुरस्कार लेने के लिए सत्यापन शुल्क भेजें।",SCAM,PRIZE_REWARD,HINDI,EMAIL,0,0,1,1,0,0,0,0,1,0,0,0,UNKNOWN,1,1,4999,0,TRANSFER_MONEY,0,SYNTHETIC,TRAIN,ANNOTATED,Synthetic prototype example; intentionally contains social-engineering cues.
M0111,Your parcel is held by customs. Pay ₹999 immediately through the link or the parcel will be destroyed and a case may be filed.,SCAM,COURIER_CUSTOMS,ENGLISH,SMS,1,1,1,1,0,0,0,1,0,1,1,1,CUSTOMER_SUPPORT,1,1,999,1,TRANSFER_MONEY,0,SYNTHETIC,TRAIN,ANNOTATED,Synthetic prototype example; intentionally contains social-engineering cues.
M0112,"Aapka refund ready hai, lekin release charge ₹25,000 pehle pay karna hoga. Abhi payment karo.",SCAM,REFUND,HINGLISH,SMS,1,0,1,1,0,0,0,0,1,0,0,1,CUSTOMER_SUPPORT,1,1,2500,0,TRANSFER_MONEY,0,SYNTHETIC,TRAIN,ANNOTATED,Synthetic prototype example; intentionally contains social-engineering cues.
M0113,तकनीकी जांच के लिए AnyDesk इंस्टॉल करें और एक्सेस कोड साझा करें।,SCAM,REMOTE_ACCESS,HINDI,EMAIL,0,0,1,0,0,0,1,0,0,0,0,0,CUSTOMER_SUPPORT,0,0,0,0,INSTALL_REMOTE_APP,1,SYNTHETIC,TRAIN,ANNOTATED,Synthetic prototype example; intentionally contains social-engineering cues.
M0114,आपका पार्सल कस्टम्स में है। ₹999 तुरंत जमा करें वरना पार्सल रद्द होगा।,SCAM,COURIER_CUSTOMS,HINDI,CALL_TRANSCRIPT,1,0,1,1,0,0,0,0,0,1,1,1,CUSTOMER_SUPPORT,1,1,10000,0,TRANSFER_MONEY,0,SYNTHETIC,TRAIN,ANNOTATED,Synthetic prototype example; intentionally contains social-engineering cues.
M0115,Technical help ke liye AnyDesk install karo aur access code bhejo. Call mat kaatna.,SCAM,REMOTE_ACCESS,HINGLISH,SMS,0,0,1,1,0,0,1,0,0,0,0,0,CUSTOMER_SUPPORT,1,1,10000,0,TRANSFER_MONEY,1,SYNTHETIC,TRAIN,ANNOTATED,Synthetic prototype example; intentionally contains social-engineering cues.
M0116,Payment reverse karne ke liye jo OTP aaya hai woh mujhe batao.,SCAM,OTP_CREDENTIAL_THEFT,HINGLISH,CALL_TRANSCRIPT,0,0,1,1,0,1,0,0,0,0,0,0,CUSTOMER_SUPPORT,1,1,10000,0,TRANSFER_MONEY,1,SYNTHETIC,TRAIN,ANNOTATED,Synthetic prototype example; intentionally contains social-engineering cues.
M0117,"For technical verification, install AnyDesk and share the access code. Do not disconnect until we complete the process.",SCAM,REMOTE_ACCESS,ENGLISH,EMAIL,0,0,1,0,0,0,1,0,0,0,0,0,CUSTOMER_SUPPORT,0,0,0,0,INSTALL_REMOTE_APP,1,SYNTHETIC,TRAIN,ANNOTATED,Synthetic prototype example; intentionally contains social-engineering cues.
M0118,संदिग्ध गतिविधि मिली है। खाता बंद होने से पहले इस लिंक पर लॉगिन जानकारी भरें।,SCAM,ACCOUNT_SUSPENSION,HINDI,EMAIL,0,1,1,0,1,0,0,1,0,1,1,0,BANK,0,0,0,1,OPEN_LINK,1,SYNTHETIC,TRAIN,ANNOTATED,Synthetic prototype example; intentionally contains social-engineering cues.
M0119,"Guaranteed return milega. Aaj ₹2,500 invest karo, account activate karke profit dikha denge.",SCAM,INVESTMENT,HINGLISH,CHAT,1,0,1,1,0,0,0,0,1,0,0,1,UNKNOWN,1,1,50000,0,TRANSFER_MONEY,0,SYNTHETIC,TRAIN,ANNOTATED,Synthetic prototype example; intentionally contains social-engineering cues.
M0120,आपका KYC लंबित है। दो घंटे में बैंकिंग सेवा बंद हो जाएगी। अभी विवरण भरें।,SCAM,KYC,HINDI,CALL_TRANSCRIPT,1,1,1,0,1,0,0,0,0,1,1,0,BANK,0,0,0,0,OPEN_LINK,1,SYNTHETIC,TRAIN,ANNOTATED,Synthetic prototype example; intentionally contains social-engineering cues.
M0121,"Guaranteed return milega. Aaj ₹1,499 invest karo, account activate karke profit dikha denge.",SCAM,INVESTMENT,HINGLISH,EMAIL,1,0,1,1,0,0,0,0,1,0,0,1,UNKNOWN,1,1,10000,0,TRANSFER_MONEY,0,SYNTHETIC,TRAIN,ANNOTATED,Synthetic prototype example; intentionally contains social-engineering cues.
M0122,"Work from home job select ho gaya hai. Joining ke liye ₹4,999 security fee abhi bhejo.",SCAM,JOB,HINGLISH,SMS,1,0,1,1,0,0,0,0,1,0,0,1,UNKNOWN,1,1,4999,0,TRANSFER_MONEY,0,SYNTHETIC,TRAIN,ANNOTATED,Synthetic prototype example; intentionally contains social-engineering cues.
M0123,"आपका रिफंड स्वीकृत है। ₹2,500 का प्रोसेसिंग शुल्क पहले जमा करें।",SCAM,REFUND,HINDI,CALL_TRANSCRIPT,0,0,1,1,0,0,0,0,1,0,0,0,CUSTOMER_SUPPORT,1,1,25000,0,TRANSFER_MONEY,0,SYNTHETIC,TRAIN,ANNOTATED,Synthetic prototype example; intentionally contains social-engineering cues.
M0124,"आपकी नौकरी पक्की हो गई है। जॉइनिंग से पहले ₹2,500 सुरक्षा शुल्क भेजें।",SCAM,JOB,HINDI,CALL_TRANSCRIPT,0,0,1,1,0,0,0,0,1,0,0,0,UNKNOWN,1,1,50000,0,TRANSFER_MONEY,0,SYNTHETIC,TRAIN,ANNOTATED,Synthetic prototype example; intentionally contains social-engineering cues.
M0125,KYC update pending. Your account services will stop within 2 hours. Complete verification at http://verify-example.test and enter your card details.,SCAM,KYC,ENGLISH,CALL_TRANSCRIPT,1,0,1,0,1,0,0,1,0,0,1,0,BANK,0,0,0,1,OPEN_LINK,1,SYNTHETIC,TRAIN,ANNOTATED,Synthetic prototype example; intentionally contains social-engineering cues.
M0126,KYC update nahi hua hai. 2 ghante mein banking service band ho jayegi. Link par details submit karo.,SCAM,KYC,HINGLISH,EMAIL,0,1,1,0,1,0,0,1,0,1,1,0,BANK,0,0,0,1,OPEN_LINK,1,SYNTHETIC,TRAIN,ANNOTATED,Synthetic prototype example; intentionally contains social-engineering cues.
M0127,"रिफंड पाने के लिए ₹10,000 का UPI अनुरोध स्वीकार करें। तभी पैसा मिलेगा।",SCAM,UPI_PAYMENT,HINDI,EMAIL,0,0,1,1,0,0,0,0,0,0,0,0,CUSTOMER_SUPPORT,1,1,10000,0,TRANSFER_MONEY,0,SYNTHETIC,TRAIN,ANNOTATED,Synthetic prototype example; intentionally contains social-engineering cues.
M0128,आपका KYC लंबित है। दो घंटे में बैंकिंग सेवा बंद हो जाएगी। अभी विवरण भरें।,SCAM,KYC,HINDI,CHAT,1,1,1,0,1,0,0,0,0,1,1,0,BANK,0,0,0,0,OPEN_LINK,1,SYNTHETIC,TRAIN,ANNOTATED,Synthetic prototype example; intentionally contains social-engineering cues.
M0129,"Congratulations! You are selected for a work-from-home job. Pay ₹2,500 registration/security fee today to receive your joining letter.",SCAM,JOB,ENGLISH,CHAT,1,0,1,1,0,0,0,0,1,0,0,1,UNKNOWN,1,1,1499,0,TRANSFER_MONEY,0,SYNTHETIC,TRAIN,ANNOTATED,Synthetic prototype example; intentionally contains social-engineering cues.
M0130,"I am in trouble and need money urgently. Please transfer ₹50,000 to this new UPI ID right now. Do not call anyone.",SCAM,FAMILY_EMERGENCY,ENGLISH,SMS,1,0,1,1,0,0,0,0,0,0,0,1,UNKNOWN,1,1,4999,0,TRANSFER_MONEY,0,SYNTHETIC,TRAIN,ANNOTATED,Synthetic prototype example; intentionally contains social-engineering cues.
M0131,Your transaction is being cancelled. Tell me the OTP you just received so I can reverse the payment.,SCAM,OTP_CREDENTIAL_THEFT,ENGLISH,EMAIL,0,0,1,1,0,1,0,0,0,0,0,0,CUSTOMER_SUPPORT,1,1,1499,0,TRANSFER_MONEY,1,SYNTHETIC,TRAIN,ANNOTATED,Synthetic prototype example; intentionally contains social-engineering cues.
M0132,Your bank account will be blocked today. Verify your KYC immediately using the link below and share the OTP with our executive.,SCAM,BANK_IMPERSONATION,ENGLISH,SMS,1,1,1,0,0,1,0,1,0,1,1,0,BANK,0,0,0,1,SHARE_OTP,1,SYNTHETIC,TRAIN,ANNOTATED,Synthetic prototype example; intentionally contains social-engineering cues.
M0133,"आपकी नौकरी पक्की हो गई है। जॉइनिंग से पहले ₹4,999 सुरक्षा शुल्क भेजें।",SCAM,JOB,HINDI,SMS,0,0,1,1,0,0,0,0,1,0,0,0,UNKNOWN,1,1,50000,0,TRANSFER_MONEY,0,SYNTHETIC,TRAIN,ANNOTATED,Synthetic prototype example; intentionally contains social-engineering cues.
M0134,Your bank account will be blocked today. Verify your KYC immediately using the link below and share the OTP with our executive.,SCAM,BANK_IMPERSONATION,ENGLISH,CALL_TRANSCRIPT,1,1,1,0,0,1,0,1,0,1,1,0,BANK,0,0,0,1,SHARE_OTP,1,SYNTHETIC,TRAIN,ANNOTATED,Synthetic prototype example; intentionally contains social-engineering cues.
M0135,"Work from home job select ho gaya hai. Joining ke liye ₹1,499 security fee abhi bhejo.",SCAM,JOB,HINGLISH,SMS,1,0,1,1,0,0,0,0,1,0,0,1,UNKNOWN,1,1,50000,0,TRANSFER_MONEY,0,SYNTHETIC,TRAIN,ANNOTATED,Synthetic prototype example; intentionally contains social-engineering cues.
M0136,We are from customer support. Your recent payment failed. Install the support app so we can fix the issue and refund your money.,SCAM,CUSTOMER_SUPPORT,ENGLISH,CHAT,0,0,1,1,0,0,0,0,0,0,1,0,CUSTOMER_SUPPORT,1,1,499,0,TRANSFER_MONEY,0,SYNTHETIC,TRAIN,ANNOTATED,Synthetic prototype example; intentionally contains social-engineering cues.
M0137,"For technical verification, install AnyDesk and share the access code. Do not disconnect until we complete the process.",SCAM,REMOTE_ACCESS,ENGLISH,SMS,0,0,1,0,0,0,1,0,0,0,0,0,CUSTOMER_SUPPORT,0,0,0,0,INSTALL_REMOTE_APP,1,SYNTHETIC,TRAIN,ANNOTATED,Synthetic prototype example; intentionally contains social-engineering cues.
M0138,"आपकी नौकरी पक्की हो गई है। जॉइनिंग से पहले ₹25,000 सुरक्षा शुल्क भेजें।",SCAM,JOB,HINDI,CALL_TRANSCRIPT,0,0,1,1,0,0,0,0,1,0,0,0,UNKNOWN,1,1,2500,0,TRANSFER_MONEY,0,SYNTHETIC,TRAIN,ANNOTATED,Synthetic prototype example; intentionally contains social-engineering cues.
M0139,आपके बैंक खाते को आज बंद किया जाएगा। KYC पूरा करने के लिए लिंक खोलें और OTP बताएं।,SCAM,BANK_IMPERSONATION,HINDI,CALL_TRANSCRIPT,1,1,1,0,0,1,0,1,0,1,1,0,BANK,0,0,0,1,SHARE_OTP,1,SYNTHETIC,TRAIN,ANNOTATED,Synthetic prototype example; intentionally contains social-engineering cues.
M0140,"Aapka refund ready hai, lekin release charge ₹499 pehle pay karna hoga. Abhi payment karo.",SCAM,REFUND,HINGLISH,CHAT,1,0,1,1,0,0,0,0,1,0,0,1,CUSTOMER_SUPPORT,1,1,999,0,TRANSFER_MONEY,0,SYNTHETIC,TRAIN,ANNOTATED,Synthetic prototype example; intentionally contains social-engineering cues.
M0141,लेनदेन रद्द करने के लिए आपके फोन पर आया OTP बताइए।,SCAM,OTP_CREDENTIAL_THEFT,HINDI,SMS,0,0,1,0,0,1,0,0,0,0,0,0,CUSTOMER_SUPPORT,0,0,0,0,SHARE_OTP,1,SYNTHETIC,TRAIN,ANNOTATED,Synthetic prototype example; intentionally contains social-engineering cues.
M0142,"Your parcel is held by customs. Pay ₹2,500 immediately through the link or the parcel will be destroyed and a case may be filed.",SCAM,COURIER_CUSTOMS,ENGLISH,CHAT,1,1,1,1,0,0,0,1,0,1,1,1,CUSTOMER_SUPPORT,1,1,999,1,TRANSFER_MONEY,0,SYNTHETIC,TRAIN,ANNOTATED,Synthetic prototype example; intentionally contains social-engineering cues.
M0143,Your bank account will be blocked today. Verify your KYC immediately using the link below and share the OTP with our executive.,SCAM,BANK_IMPERSONATION,ENGLISH,CALL_TRANSCRIPT,1,1,1,0,0,1,0,1,0,1,1,0,BANK,0,0,0,1,SHARE_OTP,1,SYNTHETIC,TRAIN,ANNOTATED,Synthetic prototype example; intentionally contains social-engineering cues.
M0144,"Main customer care se bol raha hoon. Payment fail hua hai, support app install karo aur screen share karo.",SCAM,CUSTOMER_SUPPORT,HINGLISH,CALL_TRANSCRIPT,0,0,1,1,0,0,1,0,0,0,1,0,CUSTOMER_SUPPORT,1,1,4999,0,TRANSFER_MONEY,1,SYNTHETIC,TRAIN,ANNOTATED,Synthetic prototype example; intentionally contains social-engineering cues.
M0145,We are from customer support. Your recent payment failed. Install the support app so we can fix the issue and refund your money.,SCAM,CUSTOMER_SUPPORT,ENGLISH,CALL_TRANSCRIPT,0,0,1,1,0,0,0,0,0,0,1,0,CUSTOMER_SUPPORT,1,1,2500,0,TRANSFER_MONEY,0,SYNTHETIC,TRAIN,ANNOTATED,Synthetic prototype example; intentionally contains social-engineering cues.
M0146,"Congratulations! You are selected for a work-from-home job. Pay ₹2,500 registration/security fee today to receive your joining letter.",SCAM,JOB,ENGLISH,CHAT,1,0,1,1,0,0,0,0,1,0,0,1,UNKNOWN,1,1,4999,0,TRANSFER_MONEY,0,SYNTHETIC,TRAIN,ANNOTATED,Synthetic prototype example; intentionally contains social-engineering cues.
M0147,We are from customer support. Your recent payment failed. Install the support app so we can fix the issue and refund your money.,SCAM,CUSTOMER_SUPPORT,ENGLISH,CALL_TRANSCRIPT,0,0,1,1,0,0,0,0,0,0,1,0,CUSTOMER_SUPPORT,1,1,4999,0,TRANSFER_MONEY,0,SYNTHETIC,TRAIN,ANNOTATED,Synthetic prototype example; intentionally contains social-engineering cues.
M0148,"Congratulations! You are selected for a work-from-home job. Pay ₹50,000 registration/security fee today to receive your joining letter.",SCAM,JOB,ENGLISH,EMAIL,1,0,1,1,0,0,0,0,1,0,0,1,UNKNOWN,1,1,25000,0,TRANSFER_MONEY,0,SYNTHETIC,TRAIN,ANNOTATED,Synthetic prototype example; intentionally contains social-engineering cues.
M0149,मैं ग्राहक सहायता से हूं। भुगतान ठीक करने के लिए यह ऐप इंस्टॉल करें और स्क्रीन साझा करें।,SCAM,CUSTOMER_SUPPORT,HINDI,SMS,0,0,1,0,0,0,1,0,0,0,1,0,CUSTOMER_SUPPORT,0,0,0,0,INSTALL_REMOTE_APP,1,SYNTHETIC,TRAIN,ANNOTATED,Synthetic prototype example; intentionally contains social-engineering cues.
M0150,"Mujhe urgent problem hai. Is naye UPI ID par ₹10,000 bhej do, please kisi ko call mat karna.",SCAM,FAMILY_EMERGENCY,HINGLISH,SMS,1,0,1,1,0,0,0,0,0,0,0,1,UNKNOWN,1,1,499,0,TRANSFER_MONEY,0,SYNTHETIC,TRAIN,ANNOTATED,Synthetic prototype example; intentionally contains social-engineering cues.
M0151,Bank se bol raha hoon. Aapka account aaj block ho jayega. KYC ke liye link open karo aur OTP batao.,SCAM,BANK_IMPERSONATION,HINGLISH,SMS,1,1,1,0,0,1,0,1,0,1,1,0,BANK,0,0,0,1,SHARE_OTP,1,SYNTHETIC,TRAIN,ANNOTATED,Synthetic prototype example; intentionally contains social-engineering cues.
M0152,Suspicious activity was detected. Your account will be permanently suspended unless you confirm your login and card information at http://claim-example.test.,SCAM,ACCOUNT_SUSPENSION,ENGLISH,CALL_TRANSCRIPT,0,1,1,0,1,0,0,1,0,1,1,0,BANK,0,0,0,1,OPEN_LINK,1,SYNTHETIC,TRAIN,ANNOTATED,Synthetic prototype example; intentionally contains social-engineering cues.
M0153,"Cyber crime department se call hai. Aapka Aadhaar illegal case mein hai. Verification ke liye ₹1,499 transfer karo.",SCAM,DIGITAL_ARREST,HINGLISH,SMS,0,1,1,1,0,0,0,0,0,1,1,1,CUSTOMER_SUPPORT,1,1,50000,0,TRANSFER_MONEY,0,SYNTHETIC,TRAIN,ANNOTATED,Synthetic prototype example; intentionally contains social-engineering cues.
M0154,"रिफंड पाने के लिए ₹10,000 का UPI अनुरोध स्वीकार करें। तभी पैसा मिलेगा।",SCAM,UPI_PAYMENT,HINDI,SMS,0,0,1,1,0,0,0,0,0,0,0,0,CUSTOMER_SUPPORT,1,1,10000,0,TRANSFER_MONEY,0,SYNTHETIC,TRAIN,ANNOTATED,Synthetic prototype example; intentionally contains social-engineering cues.
M0155,"Your parcel is held by customs. Pay ₹10,000 immediately through the link or the parcel will be destroyed and a case may be filed.",SCAM,COURIER_CUSTOMS,ENGLISH,EMAIL,1,1,1,1,0,0,0,1,0,1,1,1,CUSTOMER_SUPPORT,1,1,50000,1,TRANSFER_MONEY,0,SYNTHETIC,TRAIN,ANNOTATED,Synthetic prototype example; intentionally contains social-engineering cues.
M0156,Aapka account suspend hone wala hai. Login details verify karne ke liye ye link open karo.,SCAM,ACCOUNT_SUSPENSION,HINGLISH,EMAIL,0,1,1,0,1,0,0,1,0,1,1,0,BANK,0,0,0,1,OPEN_LINK,1,SYNTHETIC,TRAIN,ANNOTATED,Synthetic prototype example; intentionally contains social-engineering cues.
M0157,"Refund lene ke liye ₹10,000 ka UPI collect request approve karo, tabhi paisa milega.",SCAM,UPI_PAYMENT,HINGLISH,CALL_TRANSCRIPT,1,0,1,1,0,0,0,0,0,0,0,1,CUSTOMER_SUPPORT,1,1,499,0,TRANSFER_MONEY,0,SYNTHETIC,TRAIN,ANNOTATED,Synthetic prototype example; intentionally contains social-engineering cues.
M0158,Payment reverse karne ke liye jo OTP aaya hai woh mujhe batao.,SCAM,OTP_CREDENTIAL_THEFT,HINGLISH,CALL_TRANSCRIPT,0,0,1,1,0,1,0,0,0,0,0,0,CUSTOMER_SUPPORT,1,1,10000,0,TRANSFER_MONEY,1,SYNTHETIC,TRAIN,ANNOTATED,Synthetic prototype example; intentionally contains social-engineering cues.
M0159,लेनदेन रद्द करने के लिए आपके फोन पर आया OTP बताइए।,SCAM,OTP_CREDENTIAL_THEFT,HINDI,EMAIL,0,0,1,0,0,1,0,0,0,0,0,0,CUSTOMER_SUPPORT,0,0,0,0,SHARE_OTP,1,SYNTHETIC,TRAIN,ANNOTATED,Synthetic prototype example; intentionally contains social-engineering cues.
M0160,"आपकी नौकरी पक्की हो गई है। जॉइनिंग से पहले ₹1,499 सुरक्षा शुल्क भेजें।",SCAM,JOB,HINDI,SMS,0,0,1,1,0,0,0,0,1,0,0,0,UNKNOWN,1,1,50000,0,TRANSFER_MONEY,0,SYNTHETIC,TRAIN,ANNOTATED,Synthetic prototype example; intentionally contains social-engineering cues.
M0161,KYC update pending. Your account services will stop within 2 hours. Complete verification at http://support-example.test and enter your card details.,SCAM,KYC,ENGLISH,SMS,1,0,1,0,1,0,0,1,0,0,1,0,BANK,0,0,0,1,OPEN_LINK,1,SYNTHETIC,TRAIN,ANNOTATED,Synthetic prototype example; intentionally contains social-engineering cues.
M0162,"आपकी नौकरी पक्की हो गई है। जॉइनिंग से पहले ₹25,000 सुरक्षा शुल्क भेजें।",SCAM,JOB,HINDI,CALL_TRANSCRIPT,0,0,1,1,0,0,0,0,1,0,0,0,UNKNOWN,1,1,999,0,TRANSFER_MONEY,0,SYNTHETIC,TRAIN,ANNOTATED,Synthetic prototype example; intentionally contains social-engineering cues.
M0163,"Congratulations! You are selected for a work-from-home job. Pay ₹1,499 registration/security fee today to receive your joining letter.",SCAM,JOB,ENGLISH,EMAIL,1,0,1,1,0,0,0,0,1,0,0,1,UNKNOWN,1,1,4999,0,TRANSFER_MONEY,0,SYNTHETIC,TRAIN,ANNOTATED,Synthetic prototype example; intentionally contains social-engineering cues.
M0164,Payment reverse karne ke liye jo OTP aaya hai woh mujhe batao.,SCAM,OTP_CREDENTIAL_THEFT,HINGLISH,CHAT,0,0,1,1,0,1,0,0,0,0,0,0,CUSTOMER_SUPPORT,1,1,50000,0,TRANSFER_MONEY,1,SYNTHETIC,TRAIN,ANNOTATED,Synthetic prototype example; intentionally contains social-engineering cues.
M0165,"Aapka courier customs mein rok diya gaya hai. ₹2,500 pay nahi kiya toh parcel cancel aur case hoga.",SCAM,COURIER_CUSTOMS,HINGLISH,SMS,0,1,1,1,0,0,0,0,0,1,1,1,CUSTOMER_SUPPORT,1,1,1499,0,TRANSFER_MONEY,0,SYNTHETIC,TRAIN,ANNOTATED,Synthetic prototype example; intentionally contains social-engineering cues.
M0166,"Cyber crime department se call hai. Aapka Aadhaar illegal case mein hai. Verification ke liye ₹25,000 transfer karo.",SCAM,DIGITAL_ARREST,HINGLISH,SMS,0,1,1,1,0,0,0,0,0,1,1,1,CUSTOMER_SUPPORT,1,1,4999,0,TRANSFER_MONEY,0,SYNTHETIC,TRAIN,ANNOTATED,Synthetic prototype example; intentionally contains social-engineering cues.
M0167,"Main customer care se bol raha hoon. Payment fail hua hai, support app install karo aur screen share karo.",SCAM,CUSTOMER_SUPPORT,HINGLISH,CHAT,0,0,1,1,0,0,1,0,0,0,1,0,CUSTOMER_SUPPORT,1,1,50000,0,TRANSFER_MONEY,1,SYNTHETIC,TRAIN,ANNOTATED,Synthetic prototype example; intentionally contains social-engineering cues.
M0168,आपके बैंक खाते को आज बंद किया जाएगा। KYC पूरा करने के लिए लिंक खोलें और OTP बताएं।,SCAM,BANK_IMPERSONATION,HINDI,CALL_TRANSCRIPT,1,1,1,0,0,1,0,1,0,1,1,0,BANK,0,0,0,1,SHARE_OTP,1,SYNTHETIC,TRAIN,ANNOTATED,Synthetic prototype example; intentionally contains social-engineering cues.
M0169,आपका KYC लंबित है। दो घंटे में बैंकिंग सेवा बंद हो जाएगी। अभी विवरण भरें।,SCAM,KYC,HINDI,CHAT,1,1,1,0,1,0,0,0,0,1,1,0,BANK,0,0,0,0,OPEN_LINK,1,SYNTHETIC,TRAIN,ANNOTATED,Synthetic prototype example; intentionally contains social-engineering cues.
M0170,"आपने ₹25,000 का पुरस्कार जीता है। पुरस्कार लेने के लिए सत्यापन शुल्क भेजें।",SCAM,PRIZE_REWARD,HINDI,EMAIL,0,0,1,1,0,0,0,0,1,0,0,0,UNKNOWN,1,1,499,0,TRANSFER_MONEY,0,SYNTHETIC,TRAIN,ANNOTATED,Synthetic prototype example; intentionally contains social-engineering cues.
M0171,"रिफंड पाने के लिए ₹25,000 का UPI अनुरोध स्वीकार करें। तभी पैसा मिलेगा।",SCAM,UPI_PAYMENT,HINDI,CALL_TRANSCRIPT,0,0,1,1,0,0,0,0,0,0,0,0,CUSTOMER_SUPPORT,1,1,1499,0,TRANSFER_MONEY,0,SYNTHETIC,TRAIN,ANNOTATED,Synthetic prototype example; intentionally contains social-engineering cues.
M0172,"Your UPI refund is pending. Please approve the collect request of ₹1,499 to receive the refund today.",SCAM,UPI_PAYMENT,ENGLISH,SMS,1,0,1,1,0,0,0,0,0,0,0,1,CUSTOMER_SUPPORT,1,1,10000,0,TRANSFER_MONEY,0,SYNTHETIC,TRAIN,ANNOTATED,Synthetic prototype example; intentionally contains social-engineering cues.
M0173,आपके बैंक खाते को आज बंद किया जाएगा। KYC पूरा करने के लिए लिंक खोलें और OTP बताएं।,SCAM,BANK_IMPERSONATION,HINDI,SMS,1,1,1,0,0,1,0,1,0,1,1,0,BANK,0,0,0,1,SHARE_OTP,1,SYNTHETIC,TRAIN,ANNOTATED,Synthetic prototype example; intentionally contains social-engineering cues.
M0174,"For technical verification, install AnyDesk and share the access code. Do not disconnect until we complete the process.",SCAM,REMOTE_ACCESS,ENGLISH,SMS,0,0,1,0,0,0,1,0,0,0,0,0,CUSTOMER_SUPPORT,0,0,0,0,INSTALL_REMOTE_APP,1,SYNTHETIC,TRAIN,ANNOTATED,Synthetic prototype example; intentionally contains social-engineering cues.
M0175,"रिफंड पाने के लिए ₹4,999 का UPI अनुरोध स्वीकार करें। तभी पैसा मिलेगा।",SCAM,UPI_PAYMENT,HINDI,SMS,0,0,1,1,0,0,0,0,0,0,0,0,CUSTOMER_SUPPORT,1,1,25000,0,TRANSFER_MONEY,0,SYNTHETIC,TRAIN,ANNOTATED,Synthetic prototype example; intentionally contains social-engineering cues.
M0176,"Work from home job select ho gaya hai. Joining ke liye ₹25,000 security fee abhi bhejo.",SCAM,JOB,HINGLISH,SMS,1,0,1,1,0,0,0,0,1,0,0,1,UNKNOWN,1,1,50000,0,TRANSFER_MONEY,0,SYNTHETIC,TRAIN,ANNOTATED,Synthetic prototype example; intentionally contains social-engineering cues.
M0177,संदिग्ध गतिविधि मिली है। खाता बंद होने से पहले इस लिंक पर लॉगिन जानकारी भरें।,SCAM,ACCOUNT_SUSPENSION,HINDI,EMAIL,0,1,1,0,1,0,0,1,0,1,1,0,BANK,0,0,0,1,OPEN_LINK,1,SYNTHETIC,TRAIN,ANNOTATED,Synthetic prototype example; intentionally contains social-engineering cues.
M0178,Bank se bol raha hoon. Aapka account aaj block ho jayega. KYC ke liye link open karo aur OTP batao.,SCAM,BANK_IMPERSONATION,HINGLISH,SMS,1,1,1,0,0,1,0,1,0,1,1,0,BANK,0,0,0,1,SHARE_OTP,1,SYNTHETIC,TRAIN,ANNOTATED,Synthetic prototype example; intentionally contains social-engineering cues.
M0179,आपके बैंक खाते को आज बंद किया जाएगा। KYC पूरा करने के लिए लिंक खोलें और OTP बताएं।,SCAM,BANK_IMPERSONATION,HINDI,SMS,1,1,1,0,0,1,0,1,0,1,1,0,BANK,0,0,0,1,SHARE_OTP,1,SYNTHETIC,TRAIN,ANNOTATED,Synthetic prototype example; intentionally contains social-engineering cues.
M0180,"Guaranteed return milega. Aaj ₹499 invest karo, account activate karke profit dikha denge.",SCAM,INVESTMENT,HINGLISH,CALL_TRANSCRIPT,1,0,1,1,0,0,0,0,1,0,0,1,UNKNOWN,1,1,10000,0,TRANSFER_MONEY,0,SYNTHETIC,TRAIN,ANNOTATED,Synthetic prototype example; intentionally contains social-engineering cues.
M0181,"For technical verification, install AnyDesk and share the access code. Do not disconnect until we complete the process.",SCAM,REMOTE_ACCESS,ENGLISH,CHAT,0,0,1,0,0,0,1,0,0,0,0,0,CUSTOMER_SUPPORT,0,0,0,0,INSTALL_REMOTE_APP,1,SYNTHETIC,TRAIN,ANNOTATED,Synthetic prototype example; intentionally contains social-engineering cues.
M0182,"Your parcel is held by customs. Pay ₹1,499 immediately through the link or the parcel will be destroyed and a case may be filed.",SCAM,COURIER_CUSTOMS,ENGLISH,CHAT,1,1,1,1,0,0,0,1,0,1,1,1,CUSTOMER_SUPPORT,1,1,25000,1,TRANSFER_MONEY,0,SYNTHETIC,TRAIN,ANNOTATED,Synthetic prototype example; intentionally contains social-engineering cues.
M0183,"साइबर अपराध विभाग से बोल रहा हूं। आपके आधार से केस जुड़ा है। सत्यापन के लिए ₹1,499 भेजें।",SCAM,DIGITAL_ARREST,HINDI,CALL_TRANSCRIPT,0,1,1,1,0,0,0,0,0,1,1,1,CUSTOMER_SUPPORT,1,1,4999,0,TRANSFER_MONEY,0,SYNTHETIC,TRAIN,ANNOTATED,Synthetic prototype example; intentionally contains social-engineering cues.
M0184,"Refund lene ke liye ₹499 ka UPI collect request approve karo, tabhi paisa milega.",SCAM,UPI_PAYMENT,HINGLISH,SMS,1,0,1,1,0,0,0,0,0,0,0,1,CUSTOMER_SUPPORT,1,1,1499,0,TRANSFER_MONEY,0,SYNTHETIC,TRAIN,ANNOTATED,Synthetic prototype example; intentionally contains social-engineering cues.
M0185,आपके बैंक खाते को आज बंद किया जाएगा। KYC पूरा करने के लिए लिंक खोलें और OTP बताएं।,SCAM,BANK_IMPERSONATION,HINDI,CALL_TRANSCRIPT,1,1,1,0,0,1,0,1,0,1,1,0,BANK,0,0,0,1,SHARE_OTP,1,SYNTHETIC,TRAIN,ANNOTATED,Synthetic prototype example; intentionally contains social-engineering cues.
M0186,"Refund lene ke liye ₹50,000 ka UPI collect request approve karo, tabhi paisa milega.",SCAM,UPI_PAYMENT,HINGLISH,CALL_TRANSCRIPT,1,0,1,1,0,0,0,0,0,0,0,1,CUSTOMER_SUPPORT,1,1,25000,0,TRANSFER_MONEY,0,SYNTHETIC,TRAIN,ANNOTATED,Synthetic prototype example; intentionally contains social-engineering cues.
M0187,"Guaranteed 3x return this week. Send ₹2,500 to the provided account now and our analyst will activate your premium plan.",SCAM,INVESTMENT,ENGLISH,EMAIL,1,0,1,1,0,0,0,0,1,0,0,1,UNKNOWN,1,1,10000,0,TRANSFER_MONEY,0,SYNTHETIC,TRAIN,ANNOTATED,Synthetic prototype example; intentionally contains social-engineering cues.
M0188,"Main customer care se bol raha hoon. Payment fail hua hai, support app install karo aur screen share karo.",SCAM,CUSTOMER_SUPPORT,HINGLISH,SMS,0,0,1,1,0,0,1,0,0,0,1,0,CUSTOMER_SUPPORT,1,1,4999,0,TRANSFER_MONEY,1,SYNTHETIC,TRAIN,ANNOTATED,Synthetic prototype example; intentionally contains social-engineering cues.
M0189,आपने ₹499 का पुरस्कार जीता है। पुरस्कार लेने के लिए सत्यापन शुल्क भेजें।,SCAM,PRIZE_REWARD,HINDI,EMAIL,0,0,1,1,0,0,0,0,1,0,0,0,UNKNOWN,1,1,50000,0,TRANSFER_MONEY,0,SYNTHETIC,TRAIN,ANNOTATED,Synthetic prototype example; intentionally contains social-engineering cues.
M0190,Bank se bol raha hoon. Aapka account aaj block ho jayega. KYC ke liye link open karo aur OTP batao.,SCAM,BANK_IMPERSONATION,HINGLISH,CHAT,1,1,1,0,0,1,0,1,0,1,1,0,BANK,0,0,0,1,SHARE_OTP,1,SYNTHETIC,TRAIN,ANNOTATED,Synthetic prototype example; intentionally contains social-engineering cues.
M0191,संदिग्ध गतिविधि मिली है। खाता बंद होने से पहले इस लिंक पर लॉगिन जानकारी भरें।,SCAM,ACCOUNT_SUSPENSION,HINDI,CHAT,0,1,1,0,1,0,0,1,0,1,1,0,BANK,0,0,0,1,OPEN_LINK,1,SYNTHETIC,TRAIN,ANNOTATED,Synthetic prototype example; intentionally contains social-engineering cues.
M0192,लेनदेन रद्द करने के लिए आपके फोन पर आया OTP बताइए।,SCAM,OTP_CREDENTIAL_THEFT,HINDI,SMS,0,0,1,0,0,1,0,0,0,0,0,0,CUSTOMER_SUPPORT,0,0,0,0,SHARE_OTP,1,SYNTHETIC,TRAIN,ANNOTATED,Synthetic prototype example; intentionally contains social-engineering cues.
M0193,"Aapka refund ready hai, lekin release charge ₹50,000 pehle pay karna hoga. Abhi payment karo.",SCAM,REFUND,HINGLISH,CHAT,1,0,1,1,0,0,0,0,1,0,0,1,CUSTOMER_SUPPORT,1,1,10000,0,TRANSFER_MONEY,0,SYNTHETIC,TRAIN,ANNOTATED,Synthetic prototype example; intentionally contains social-engineering cues.
M0194,"Your refund has been approved. To release ₹4,999, first pay the processing charge through this UPI request.",SCAM,REFUND,ENGLISH,CHAT,0,0,1,1,0,0,0,0,1,0,0,0,CUSTOMER_SUPPORT,1,1,25000,0,TRANSFER_MONEY,0,SYNTHETIC,TRAIN,ANNOTATED,Synthetic prototype example; intentionally contains social-engineering cues.
M0195,Your transaction is being cancelled. Tell me the OTP you just received so I can reverse the payment.,SCAM,OTP_CREDENTIAL_THEFT,ENGLISH,CHAT,0,0,1,1,0,1,0,0,0,0,0,0,CUSTOMER_SUPPORT,1,1,4999,0,TRANSFER_MONEY,1,SYNTHETIC,TRAIN,ANNOTATED,Synthetic prototype example; intentionally contains social-engineering cues.
M0196,"Refund lene ke liye ₹50,000 ka UPI collect request approve karo, tabhi paisa milega.",SCAM,UPI_PAYMENT,HINGLISH,SMS,1,0,1,1,0,0,0,0,0,0,0,1,CUSTOMER_SUPPORT,1,1,10000,0,TRANSFER_MONEY,0,SYNTHETIC,TRAIN,ANNOTATED,Synthetic prototype example; intentionally contains social-engineering cues.
M0197,आपका KYC लंबित है। दो घंटे में बैंकिंग सेवा बंद हो जाएगी। अभी विवरण भरें।,SCAM,KYC,HINDI,CALL_TRANSCRIPT,1,1,1,0,1,0,0,0,0,1,1,0,BANK,0,0,0,0,OPEN_LINK,1,SYNTHETIC,TRAIN,ANNOTATED,Synthetic prototype example; intentionally contains social-engineering cues.
M0198,"आपकी नौकरी पक्की हो गई है। जॉइनिंग से पहले ₹10,000 सुरक्षा शुल्क भेजें।",SCAM,JOB,HINDI,EMAIL,0,0,1,1,0,0,0,0,1,0,0,0,UNKNOWN,1,1,499,0,TRANSFER_MONEY,0,SYNTHETIC,TRAIN,ANNOTATED,Synthetic prototype example; intentionally contains social-engineering cues.
M0199,इस योजना में आज ₹999 लगाएं और गारंटीड तीन गुना रिटर्न पाएं।,SCAM,INVESTMENT,HINDI,CALL_TRANSCRIPT,1,0,1,1,0,0,0,0,1,0,0,1,UNKNOWN,1,1,4999,0,TRANSFER_MONEY,0,SYNTHETIC,TRAIN,ANNOTATED,Synthetic prototype example; intentionally contains social-engineering cues.
M0200,लेनदेन रद्द करने के लिए आपके फोन पर आया OTP बताइए।,SCAM,OTP_CREDENTIAL_THEFT,HINDI,CHAT,0,0,1,0,0,1,0,0,0,0,0,0,CUSTOMER_SUPPORT,0,0,0,0,SHARE_OTP,1,SYNTHETIC,TRAIN,ANNOTATED,Synthetic prototype example; intentionally contains social-engineering cues.
M0201,Main safely ghar pahunch gaya hoon. Jab aao dinner ready hai.,LEGITIMATE,NONE,HINGLISH,CHAT,0,0,0,0,0,0,0,0,0,0,0,0,FAMILY,0,0,0,0,NO_ACTION,0,SYNTHETIC,TRAIN,ANNOTATED,Synthetic legitimate example; no deceptive social-engineering intent.
M0202,आज रात नेट बैंकिंग पर रखरखाव होगा। आपको कोई कार्रवाई करने की आवश्यकता नहीं है।,LEGITIMATE,NONE,HINDI,EMAIL,0,0,0,0,0,0,0,0,0,0,0,0,BANK,0,0,0,0,NO_ACTION,0,SYNTHETIC,TRAIN,ANNOTATED,Synthetic legitimate example; no deceptive social-engineering intent.
M0203,Interview kal 10 baje scheduled hai. Please requested documents saath le aana.,LEGITIMATE,NONE,HINGLISH,SMS,0,0,0,0,0,0,0,0,0,0,0,0,EMPLOYER,0,0,0,0,NO_ACTION,0,SYNTHETIC,TRAIN,ANNOTATED,Synthetic legitimate example; no deceptive social-engineering intent.
M0204,Your parcel is out for delivery today. The courier will attempt delivery at your registered address.,LEGITIMATE,NONE,ENGLISH,CHAT,0,0,0,0,0,0,0,0,0,0,0,0,DELIVERY,0,0,0,0,NO_ACTION,0,SYNTHETIC,TRAIN,ANNOTATED,Synthetic legitimate example; no deceptive social-engineering intent.
M0205,Your order #40775 has been shipped. Track delivery from the retailer's official app.,LEGITIMATE,NONE,ENGLISH,SMS,0,0,0,0,0,0,0,0,0,0,0,0,MERCHANT,0,0,0,0,NO_ACTION,0,SYNTHETIC,TRAIN,ANNOTATED,Synthetic legitimate example; no deceptive social-engineering intent.
M0206,Aapka order #58629 ship ho gaya hai. Delivery status official app mein check kar sakte ho.,LEGITIMATE,NONE,HINGLISH,EMAIL,0,0,0,0,0,0,0,0,0,0,0,0,MERCHANT,0,0,0,0,NO_ACTION,0,SYNTHETIC,TRAIN,ANNOTATED,Synthetic legitimate example; no deceptive social-engineering intent.
M0207,मैं सुरक्षित घर पहुंच गया हूं। जब आओ तो खाना तैयार है।,LEGITIMATE,NONE,HINDI,EMAIL,0,0,0,0,0,0,0,0,0,0,0,0,FAMILY,0,0,0,0,NO_ACTION,0,SYNTHETIC,TRAIN,ANNOTATED,Synthetic legitimate example; no deceptive social-engineering intent.
M0208,Your parcel is out for delivery today. The courier will attempt delivery at your registered address.,LEGITIMATE,NONE,ENGLISH,CHAT,0,0,0,0,0,0,0,0,0,0,0,0,DELIVERY,0,0,0,0,NO_ACTION,0,SYNTHETIC,TRAIN,ANNOTATED,Synthetic legitimate example; no deceptive social-engineering intent.
M0209,आज रात नेट बैंकिंग पर रखरखाव होगा। आपको कोई कार्रवाई करने की आवश्यकता नहीं है।,LEGITIMATE,NONE,HINDI,EMAIL,0,0,0,0,0,0,0,0,0,0,0,0,BANK,0,0,0,0,NO_ACTION,0,SYNTHETIC,TRAIN,ANNOTATED,Synthetic legitimate example; no deceptive social-engineering intent.
M0210,Aaj raat 1 se 3 baje tak net banking maintenance rahega. Aapko koi action lene ki zarurat nahi hai.,LEGITIMATE,NONE,HINGLISH,SMS,0,0,0,0,0,0,0,0,0,0,0,0,BANK,0,0,0,0,NO_ACTION,0,SYNTHETIC,TRAIN,ANNOTATED,Synthetic legitimate example; no deceptive social-engineering intent.
M0211,Aaj raat 1 se 3 baje tak net banking maintenance rahega. Aapko koi action lene ki zarurat nahi hai.,LEGITIMATE,NONE,HINGLISH,EMAIL,0,0,0,0,0,0,0,0,0,0,0,0,BANK,0,0,0,0,NO_ACTION,0,SYNTHETIC,TRAIN,ANNOTATED,Synthetic legitimate example; no deceptive social-engineering intent.
M0212,आपका पार्सल आज डिलीवरी के लिए भेज दिया गया है।,LEGITIMATE,NONE,HINDI,CHAT,0,0,0,0,0,0,0,0,0,0,0,0,DELIVERY,0,0,0,0,NO_ACTION,0,SYNTHETIC,TRAIN,ANNOTATED,Synthetic legitimate example; no deceptive social-engineering intent.
M0213,I reached home safely. Dinner is ready whenever you arrive.,LEGITIMATE,NONE,ENGLISH,EMAIL,0,0,0,0,0,0,0,0,0,0,0,0,FAMILY,0,0,0,0,NO_ACTION,0,SYNTHETIC,TRAIN,ANNOTATED,Synthetic legitimate example; no deceptive social-engineering intent.
M0214,I reached home safely. Dinner is ready whenever you arrive.,LEGITIMATE,NONE,ENGLISH,SMS,0,0,0,0,0,0,0,0,0,0,0,0,FAMILY,0,0,0,0,NO_ACTION,0,SYNTHETIC,TRAIN,ANNOTATED,Synthetic legitimate example; no deceptive social-engineering intent.
M0215,Your parcel is out for delivery today. The courier will attempt delivery at your registered address.,LEGITIMATE,NONE,ENGLISH,SMS,0,0,0,0,0,0,0,0,0,0,0,0,DELIVERY,0,0,0,0,NO_ACTION,0,SYNTHETIC,TRAIN,ANNOTATED,Synthetic legitimate example; no deceptive social-engineering intent.
M0216,आपका मासिक बैंक स्टेटमेंट आधिकारिक ऐप में उपलब्ध है। सुविधा के अनुसार उसे देखें।,LEGITIMATE,NONE,HINDI,SMS,0,0,0,0,0,0,0,0,0,0,0,0,BANK,0,0,0,0,NO_ACTION,0,SYNTHETIC,TRAIN,ANNOTATED,Synthetic legitimate example; no deceptive social-engineering intent.
M0217,आज रात नेट बैंकिंग पर रखरखाव होगा। आपको कोई कार्रवाई करने की आवश्यकता नहीं है।,LEGITIMATE,NONE,HINDI,SMS,0,0,0,0,0,0,0,0,0,0,0,0,BANK,0,0,0,0,NO_ACTION,0,SYNTHETIC,TRAIN,ANNOTATED,Synthetic legitimate example; no deceptive social-engineering intent.
M0218,"Aapka electricity bill ₹4,999 ka hai aur 15 tareekh ko due hai. Official provider app se pay kar sakte ho.",LEGITIMATE,NONE,HINGLISH,EMAIL,0,0,0,1,0,0,0,0,0,0,0,0,SERVICE,0,1,0,0,REVIEW_OR_NO_ACTION,0,SYNTHETIC,TRAIN,ANNOTATED,Synthetic legitimate example; no deceptive social-engineering intent.
M0219,Your monthly account statement is available in the official banking app. Please review it when convenient.,LEGITIMATE,NONE,ENGLISH,SMS,0,0,0,0,0,0,0,0,0,0,0,0,BANK,0,0,0,0,NO_ACTION,0,SYNTHETIC,TRAIN,ANNOTATED,Synthetic legitimate example; no deceptive social-engineering intent.
M0220,आपका मासिक बैंक स्टेटमेंट आधिकारिक ऐप में उपलब्ध है। सुविधा के अनुसार उसे देखें।,LEGITIMATE,NONE,HINDI,CHAT,0,0,0,0,0,0,0,0,0,0,0,0,BANK,0,0,0,0,NO_ACTION,0,SYNTHETIC,TRAIN,ANNOTATED,Synthetic legitimate example; no deceptive social-engineering intent.
M0221,Scheduled maintenance will affect net banking from 1:00 AM to 3:00 AM tonight. No action is required.,LEGITIMATE,NONE,ENGLISH,SMS,0,0,0,0,0,0,0,0,0,0,0,0,BANK,0,0,0,0,NO_ACTION,0,SYNTHETIC,TRAIN,ANNOTATED,Synthetic legitimate example; no deceptive social-engineering intent.
M0222,समय मिलने पर आज की कक्षा के नोट्स मुझे भेज देना।,LEGITIMATE,NONE,HINDI,CHAT,0,0,0,0,0,0,0,0,0,0,0,0,FRIEND,0,0,0,0,NO_ACTION,0,SYNTHETIC,TRAIN,ANNOTATED,Synthetic legitimate example; no deceptive social-engineering intent.
M0223,"Aaj class ke notes mil jaaye toh mujhe bhej dena, jab time mile.",LEGITIMATE,NONE,HINGLISH,SMS,0,0,0,0,0,0,0,0,0,0,0,0,FRIEND,0,0,0,0,NO_ACTION,0,SYNTHETIC,TRAIN,ANNOTATED,Synthetic legitimate example; no deceptive social-engineering intent.
M0224,आज रात नेट बैंकिंग पर रखरखाव होगा। आपको कोई कार्रवाई करने की आवश्यकता नहीं है।,LEGITIMATE,NONE,HINDI,CHAT,0,0,0,0,0,0,0,0,0,0,0,0,BANK,0,0,0,0,NO_ACTION,0,SYNTHETIC,TRAIN,ANNOTATED,Synthetic legitimate example; no deceptive social-engineering intent.
M0225,Interview kal 10 baje scheduled hai. Please requested documents saath le aana.,LEGITIMATE,NONE,HINGLISH,CHAT,0,0,0,0,0,0,0,0,0,0,0,0,EMPLOYER,0,0,0,0,NO_ACTION,0,SYNTHETIC,TRAIN,ANNOTATED,Synthetic legitimate example; no deceptive social-engineering intent.
M0226,Aapka parcel aaj delivery ke liye out hai. Courier registered address par attempt karega.,LEGITIMATE,NONE,HINGLISH,CHAT,0,0,0,0,0,0,0,0,0,0,0,0,DELIVERY,0,0,0,0,NO_ACTION,0,SYNTHETIC,TRAIN,ANNOTATED,Synthetic legitimate example; no deceptive social-engineering intent.
M0227,"Your debit card was used for a purchase of ₹999 at a merchant. If you made this transaction, no action is needed.",LEGITIMATE,NONE,ENGLISH,SMS,0,0,0,1,0,0,0,0,0,0,0,0,BANK,0,1,0,0,REVIEW_OR_NO_ACTION,0,SYNTHETIC,TRAIN,ANNOTATED,Synthetic legitimate example; no deceptive social-engineering intent.
M0228,"Your debit card was used for a purchase of ₹1,499 at a merchant. If you made this transaction, no action is needed.",LEGITIMATE,NONE,ENGLISH,EMAIL,0,0,0,1,0,0,0,0,0,0,0,0,BANK,0,1,0,0,REVIEW_OR_NO_ACTION,0,SYNTHETIC,TRAIN,ANNOTATED,Synthetic legitimate example; no deceptive social-engineering intent.
M0229,आपका मासिक बैंक स्टेटमेंट आधिकारिक ऐप में उपलब्ध है। सुविधा के अनुसार उसे देखें।,LEGITIMATE,NONE,HINDI,EMAIL,0,0,0,0,0,0,0,0,0,0,0,0,BANK,0,0,0,0,NO_ACTION,0,SYNTHETIC,TRAIN,ANNOTATED,Synthetic legitimate example; no deceptive social-engineering intent.
M0230,A new statement is available in your banking app. We will never ask for your PIN or OTP by message.,LEGITIMATE,NONE,ENGLISH,CHAT,0,0,0,0,0,0,0,0,0,0,0,0,BANK,0,0,0,0,NO_ACTION,0,SYNTHETIC,TRAIN,ANNOTATED,Synthetic legitimate example; no deceptive social-engineering intent.
M0231,Your order #95814 has been shipped. Track delivery from the retailer's official app.,LEGITIMATE,NONE,ENGLISH,EMAIL,0,0,0,0,0,0,0,0,0,0,0,0,MERCHANT,0,0,0,0,NO_ACTION,0,SYNTHETIC,TRAIN,ANNOTATED,Synthetic legitimate example; no deceptive social-engineering intent.
M0232,समय मिलने पर आज की कक्षा के नोट्स मुझे भेज देना।,LEGITIMATE,NONE,HINDI,SMS,0,0,0,0,0,0,0,0,0,0,0,0,FRIEND,0,0,0,0,NO_ACTION,0,SYNTHETIC,TRAIN,ANNOTATED,Synthetic legitimate example; no deceptive social-engineering intent.
M0233,Aapka parcel aaj delivery ke liye out hai. Courier registered address par attempt karega.,LEGITIMATE,NONE,HINGLISH,CHAT,0,0,0,0,0,0,0,0,0,0,0,0,DELIVERY,0,0,0,0,NO_ACTION,0,SYNTHETIC,TRAIN,ANNOTATED,Synthetic legitimate example; no deceptive social-engineering intent.
M0234,समय मिलने पर आज की कक्षा के नोट्स मुझे भेज देना।,LEGITIMATE,NONE,HINDI,CHAT,0,0,0,0,0,0,0,0,0,0,0,0,FRIEND,0,0,0,0,NO_ACTION,0,SYNTHETIC,TRAIN,ANNOTATED,Synthetic legitimate example; no deceptive social-engineering intent.
M0235,साक्षात्कार कल सुबह 10 बजे निर्धारित है। कृपया आवश्यक दस्तावेज साथ लाएं।,LEGITIMATE,NONE,HINDI,EMAIL,0,0,0,0,0,0,0,0,0,0,0,0,EMPLOYER,0,0,0,0,NO_ACTION,0,SYNTHETIC,TRAIN,ANNOTATED,Synthetic legitimate example; no deceptive social-engineering intent.
M0236,Main safely ghar pahunch gaya hoon. Jab aao dinner ready hai.,LEGITIMATE,NONE,HINGLISH,SMS,0,0,0,0,0,0,0,0,0,0,0,0,FAMILY,0,0,0,0,NO_ACTION,0,SYNTHETIC,TRAIN,ANNOTATED,Synthetic legitimate example; no deceptive social-engineering intent.
M0237,Aapka parcel aaj delivery ke liye out hai. Courier registered address par attempt karega.,LEGITIMATE,NONE,HINGLISH,EMAIL,0,0,0,0,0,0,0,0,0,0,0,0,DELIVERY,0,0,0,0,NO_ACTION,0,SYNTHETIC,TRAIN,ANNOTATED,Synthetic legitimate example; no deceptive social-engineering intent.
M0238,Scheduled maintenance will affect net banking from 1:00 AM to 3:00 AM tonight. No action is required.,LEGITIMATE,NONE,ENGLISH,CHAT,0,0,0,0,0,0,0,0,0,0,0,0,BANK,0,0,0,0,NO_ACTION,0,SYNTHETIC,TRAIN,ANNOTATED,Synthetic legitimate example; no deceptive social-engineering intent.
M0239,Aaj raat 1 se 3 baje tak net banking maintenance rahega. Aapko koi action lene ki zarurat nahi hai.,LEGITIMATE,NONE,HINGLISH,EMAIL,0,0,0,0,0,0,0,0,0,0,0,0,BANK,0,0,0,0,NO_ACTION,0,SYNTHETIC,TRAIN,ANNOTATED,Synthetic legitimate example; no deceptive social-engineering intent.
M0240,A new statement is available in your banking app. We will never ask for your PIN or OTP by message.,LEGITIMATE,NONE,ENGLISH,EMAIL,0,0,0,0,0,0,0,0,0,0,0,0,BANK,0,0,0,0,NO_ACTION,0,SYNTHETIC,TRAIN,ANNOTATED,Synthetic legitimate example; no deceptive social-engineering intent.
M0241,I reached home safely. Dinner is ready whenever you arrive.,LEGITIMATE,NONE,ENGLISH,SMS,0,0,0,0,0,0,0,0,0,0,0,0,FAMILY,0,0,0,0,NO_ACTION,0,SYNTHETIC,TRAIN,ANNOTATED,Synthetic legitimate example; no deceptive social-engineering intent.
M0242,Your order #82910 has been shipped. Track delivery from the retailer's official app.,LEGITIMATE,NONE,ENGLISH,SMS,0,0,0,0,0,0,0,0,0,0,0,0,MERCHANT,0,0,0,0,NO_ACTION,0,SYNTHETIC,TRAIN,ANNOTATED,Synthetic legitimate example; no deceptive social-engineering intent.
M0243,"आपका बिजली बिल ₹4,999 का है और 15 तारीख को देय है। आधिकारिक ऐप से भुगतान कर सकते हैं।",LEGITIMATE,NONE,HINDI,CHAT,0,0,0,0,0,0,0,0,0,0,0,0,SERVICE,0,0,0,0,NO_ACTION,0,SYNTHETIC,TRAIN,ANNOTATED,Synthetic legitimate example; no deceptive social-engineering intent.
M0244,Aapka electricity bill ₹499 ka hai aur 15 tareekh ko due hai. Official provider app se pay kar sakte ho.,LEGITIMATE,NONE,HINGLISH,EMAIL,0,0,0,1,0,0,0,0,0,0,0,0,SERVICE,0,1,0,0,REVIEW_OR_NO_ACTION,0,SYNTHETIC,TRAIN,ANNOTATED,Synthetic legitimate example; no deceptive social-engineering intent.
M0245,Your electricity bill of ₹499 is due on the 15th. You can pay through the official provider app.,LEGITIMATE,NONE,ENGLISH,EMAIL,0,0,0,1,0,0,0,0,0,0,0,0,SERVICE,0,1,0,0,REVIEW_OR_NO_ACTION,0,SYNTHETIC,TRAIN,ANNOTATED,Synthetic legitimate example; no deceptive social-engineering intent.
M0246,"आपका बिजली बिल ₹4,999 का है और 15 तारीख को देय है। आधिकारिक ऐप से भुगतान कर सकते हैं।",LEGITIMATE,NONE,HINDI,SMS,0,0,0,0,0,0,0,0,0,0,0,0,SERVICE,0,0,0,0,NO_ACTION,0,SYNTHETIC,TRAIN,ANNOTATED,Synthetic legitimate example; no deceptive social-engineering intent.
M0247,Reminder: the interview is scheduled for tomorrow at 10 AM. Please bring the requested documents.,LEGITIMATE,NONE,ENGLISH,CHAT,0,0,0,0,0,0,0,0,0,0,0,0,EMPLOYER,0,0,0,0,NO_ACTION,0,SYNTHETIC,TRAIN,ANNOTATED,Synthetic legitimate example; no deceptive social-engineering intent.
M0248,"Your debit card was used for a purchase of ₹1,499 at a merchant. If you made this transaction, no action is needed.",LEGITIMATE,NONE,ENGLISH,SMS,0,0,0,1,0,0,0,0,0,0,0,0,BANK,0,1,0,0,REVIEW_OR_NO_ACTION,0,SYNTHETIC,TRAIN,ANNOTATED,Synthetic legitimate example; no deceptive social-engineering intent.
M0249,समय मिलने पर आज की कक्षा के नोट्स मुझे भेज देना।,LEGITIMATE,NONE,HINDI,CHAT,0,0,0,0,0,0,0,0,0,0,0,0,FRIEND,0,0,0,0,NO_ACTION,0,SYNTHETIC,TRAIN,ANNOTATED,Synthetic legitimate example; no deceptive social-engineering intent.
M0250,Aapka monthly statement official banking app mein available hai. Jab convenient ho tab check kar lena.,LEGITIMATE,NONE,HINGLISH,EMAIL,0,0,0,0,0,0,0,0,0,0,0,0,BANK,0,0,0,0,NO_ACTION,0,SYNTHETIC,TRAIN,ANNOTATED,Synthetic legitimate example; no deceptive social-engineering intent.
M0251,Aapka monthly statement official banking app mein available hai. Jab convenient ho tab check kar lena.,LEGITIMATE,NONE,HINGLISH,SMS,0,0,0,0,0,0,0,0,0,0,0,0,BANK,0,0,0,0,NO_ACTION,0,SYNTHETIC,TRAIN,ANNOTATED,Synthetic legitimate example; no deceptive social-engineering intent.
M0252,आपका बिजली बिल ₹499 का है और 15 तारीख को देय है। आधिकारिक ऐप से भुगतान कर सकते हैं।,LEGITIMATE,NONE,HINDI,CHAT,0,0,0,0,0,0,0,0,0,0,0,0,SERVICE,0,0,0,0,NO_ACTION,0,SYNTHETIC,TRAIN,ANNOTATED,Synthetic legitimate example; no deceptive social-engineering intent.
M0253,Interview kal 10 baje scheduled hai. Please requested documents saath le aana.,LEGITIMATE,NONE,HINGLISH,CHAT,0,0,0,0,0,0,0,0,0,0,0,0,EMPLOYER,0,0,0,0,NO_ACTION,0,SYNTHETIC,TRAIN,ANNOTATED,Synthetic legitimate example; no deceptive social-engineering intent.
M0254,Aapka parcel aaj delivery ke liye out hai. Courier registered address par attempt karega.,LEGITIMATE,NONE,HINGLISH,SMS,0,0,0,0,0,0,0,0,0,0,0,0,DELIVERY,0,0,0,0,NO_ACTION,0,SYNTHETIC,TRAIN,ANNOTATED,Synthetic legitimate example; no deceptive social-engineering intent.
M0255,Aaj raat 1 se 3 baje tak net banking maintenance rahega. Aapko koi action lene ki zarurat nahi hai.,LEGITIMATE,NONE,HINGLISH,EMAIL,0,0,0,0,0,0,0,0,0,0,0,0,BANK,0,0,0,0,NO_ACTION,0,SYNTHETIC,TRAIN,ANNOTATED,Synthetic legitimate example; no deceptive social-engineering intent.
M0256,साक्षात्कार कल सुबह 10 बजे निर्धारित है। कृपया आवश्यक दस्तावेज साथ लाएं।,LEGITIMATE,NONE,HINDI,CHAT,0,0,0,0,0,0,0,0,0,0,0,0,EMPLOYER,0,0,0,0,NO_ACTION,0,SYNTHETIC,TRAIN,ANNOTATED,Synthetic legitimate example; no deceptive social-engineering intent.
M0257,Scheduled maintenance will affect net banking from 1:00 AM to 3:00 AM tonight. No action is required.,LEGITIMATE,NONE,ENGLISH,SMS,0,0,0,0,0,0,0,0,0,0,0,0,BANK,0,0,0,0,NO_ACTION,0,SYNTHETIC,TRAIN,ANNOTATED,Synthetic legitimate example; no deceptive social-engineering intent.
M0258,Your monthly account statement is available in the official banking app. Please review it when convenient.,LEGITIMATE,NONE,ENGLISH,SMS,0,0,0,0,0,0,0,0,0,0,0,0,BANK,0,0,0,0,NO_ACTION,0,SYNTHETIC,TRAIN,ANNOTATED,Synthetic legitimate example; no deceptive social-engineering intent.
M0259,"आपका बिजली बिल ₹4,999 का है और 15 तारीख को देय है। आधिकारिक ऐप से भुगतान कर सकते हैं।",LEGITIMATE,NONE,HINDI,SMS,0,0,0,0,0,0,0,0,0,0,0,0,SERVICE,0,0,0,0,NO_ACTION,0,SYNTHETIC,TRAIN,ANNOTATED,Synthetic legitimate example; no deceptive social-engineering intent.
M0260,Your monthly account statement is available in the official banking app. Please review it when convenient.,LEGITIMATE,NONE,ENGLISH,SMS,0,0,0,0,0,0,0,0,0,0,0,0,BANK,0,0,0,0,NO_ACTION,0,SYNTHETIC,TRAIN,ANNOTATED,Synthetic legitimate example; no deceptive social-engineering intent.
M0261,Aapka order #75570 ship ho gaya hai. Delivery status official app mein check kar sakte ho.,LEGITIMATE,NONE,HINGLISH,EMAIL,0,0,0,0,0,0,0,0,0,0,0,0,MERCHANT,0,0,0,0,NO_ACTION,0,SYNTHETIC,TRAIN,ANNOTATED,Synthetic legitimate example; no deceptive social-engineering intent.
M0262,Aaj raat 1 se 3 baje tak net banking maintenance rahega. Aapko koi action lene ki zarurat nahi hai.,LEGITIMATE,NONE,HINGLISH,SMS,0,0,0,0,0,0,0,0,0,0,0,0,BANK,0,0,0,0,NO_ACTION,0,SYNTHETIC,TRAIN,ANNOTATED,Synthetic legitimate example; no deceptive social-engineering intent.
M0263,Aapka parcel aaj delivery ke liye out hai. Courier registered address par attempt karega.,LEGITIMATE,NONE,HINGLISH,CHAT,0,0,0,0,0,0,0,0,0,0,0,0,DELIVERY,0,0,0,0,NO_ACTION,0,SYNTHETIC,TRAIN,ANNOTATED,Synthetic legitimate example; no deceptive social-engineering intent.
M0264,आपका मासिक बैंक स्टेटमेंट आधिकारिक ऐप में उपलब्ध है। सुविधा के अनुसार उसे देखें।,LEGITIMATE,NONE,HINDI,EMAIL,0,0,0,0,0,0,0,0,0,0,0,0,BANK,0,0,0,0,NO_ACTION,0,SYNTHETIC,TRAIN,ANNOTATED,Synthetic legitimate example; no deceptive social-engineering intent.
M0265,आपका पार्सल आज डिलीवरी के लिए भेज दिया गया है।,LEGITIMATE,NONE,HINDI,CHAT,0,0,0,0,0,0,0,0,0,0,0,0,DELIVERY,0,0,0,0,NO_ACTION,0,SYNTHETIC,TRAIN,ANNOTATED,Synthetic legitimate example; no deceptive social-engineering intent.
M0266,Your monthly account statement is available in the official banking app. Please review it when convenient.,LEGITIMATE,NONE,ENGLISH,CHAT,0,0,0,0,0,0,0,0,0,0,0,0,BANK,0,0,0,0,NO_ACTION,0,SYNTHETIC,TRAIN,ANNOTATED,Synthetic legitimate example; no deceptive social-engineering intent.
M0267,मैं सुरक्षित घर पहुंच गया हूं। जब आओ तो खाना तैयार है।,LEGITIMATE,NONE,HINDI,SMS,0,0,0,0,0,0,0,0,0,0,0,0,FAMILY,0,0,0,0,NO_ACTION,0,SYNTHETIC,TRAIN,ANNOTATED,Synthetic legitimate example; no deceptive social-engineering intent.
M0268,Can you send me the notes from today's class when you get a chance?,LEGITIMATE,NONE,ENGLISH,EMAIL,0,0,0,0,0,0,0,0,0,0,0,0,FRIEND,0,0,0,0,NO_ACTION,0,SYNTHETIC,TRAIN,ANNOTATED,Synthetic legitimate example; no deceptive social-engineering intent.
M0269,"Your debit card was used for a purchase of ₹25,000 at a merchant. If you made this transaction, no action is needed.",LEGITIMATE,NONE,ENGLISH,CHAT,0,0,0,1,0,0,0,0,0,0,0,0,BANK,0,1,0,0,REVIEW_OR_NO_ACTION,0,SYNTHETIC,TRAIN,ANNOTATED,Synthetic legitimate example; no deceptive social-engineering intent.
M0270,Can you send me the notes from today's class when you get a chance?,LEGITIMATE,NONE,ENGLISH,EMAIL,0,0,0,0,0,0,0,0,0,0,0,0,FRIEND,0,0,0,0,NO_ACTION,0,SYNTHETIC,TRAIN,ANNOTATED,Synthetic legitimate example; no deceptive social-engineering intent.
M0271,आपका पार्सल आज डिलीवरी के लिए भेज दिया गया है।,LEGITIMATE,NONE,HINDI,SMS,0,0,0,0,0,0,0,0,0,0,0,0,DELIVERY,0,0,0,0,NO_ACTION,0,SYNTHETIC,TRAIN,ANNOTATED,Synthetic legitimate example; no deceptive social-engineering intent.
M0272,"आपका बिजली बिल ₹10,000 का है और 15 तारीख को देय है। आधिकारिक ऐप से भुगतान कर सकते हैं।",LEGITIMATE,NONE,HINDI,EMAIL,0,0,0,0,0,0,0,0,0,0,0,0,SERVICE,0,0,0,0,NO_ACTION,0,SYNTHETIC,TRAIN,ANNOTATED,Synthetic legitimate example; no deceptive social-engineering intent.
M0273,Your parcel is out for delivery today. The courier will attempt delivery at your registered address.,LEGITIMATE,NONE,ENGLISH,CHAT,0,0,0,0,0,0,0,0,0,0,0,0,DELIVERY,0,0,0,0,NO_ACTION,0,SYNTHETIC,TRAIN,ANNOTATED,Synthetic legitimate example; no deceptive social-engineering intent.
M0274,I reached home safely. Dinner is ready whenever you arrive.,LEGITIMATE,NONE,ENGLISH,EMAIL,0,0,0,0,0,0,0,0,0,0,0,0,FAMILY,0,0,0,0,NO_ACTION,0,SYNTHETIC,TRAIN,ANNOTATED,Synthetic legitimate example; no deceptive social-engineering intent.
M0275,"Your debit card was used for a purchase of ₹1,499 at a merchant. If you made this transaction, no action is needed.",LEGITIMATE,NONE,ENGLISH,CHAT,0,0,0,1,0,0,0,0,0,0,0,0,BANK,0,1,0,0,REVIEW_OR_NO_ACTION,0,SYNTHETIC,TRAIN,ANNOTATED,Synthetic legitimate example; no deceptive social-engineering intent.
M0276,"आपका बिजली बिल ₹50,000 का है और 15 तारीख को देय है। आधिकारिक ऐप से भुगतान कर सकते हैं।",LEGITIMATE,NONE,HINDI,EMAIL,0,0,0,0,0,0,0,0,0,0,0,0,SERVICE,0,0,0,0,NO_ACTION,0,SYNTHETIC,TRAIN,ANNOTATED,Synthetic legitimate example; no deceptive social-engineering intent.
M0277,आपका पार्सल आज डिलीवरी के लिए भेज दिया गया है।,LEGITIMATE,NONE,HINDI,SMS,0,0,0,0,0,0,0,0,0,0,0,0,DELIVERY,0,0,0,0,NO_ACTION,0,SYNTHETIC,TRAIN,ANNOTATED,Synthetic legitimate example; no deceptive social-engineering intent.
M0278,Interview kal 10 baje scheduled hai. Please requested documents saath le aana.,LEGITIMATE,NONE,HINGLISH,EMAIL,0,0,0,0,0,0,0,0,0,0,0,0,EMPLOYER,0,0,0,0,NO_ACTION,0,SYNTHETIC,TRAIN,ANNOTATED,Synthetic legitimate example; no deceptive social-engineering intent.
M0279,A new statement is available in your banking app. We will never ask for your PIN or OTP by message.,LEGITIMATE,NONE,ENGLISH,CHAT,0,0,0,0,0,0,0,0,0,0,0,0,BANK,0,0,0,0,NO_ACTION,0,SYNTHETIC,TRAIN,ANNOTATED,Synthetic legitimate example; no deceptive social-engineering intent.
M0280,"Aaj class ke notes mil jaaye toh mujhe bhej dena, jab time mile.",LEGITIMATE,NONE,HINGLISH,CHAT,0,0,0,0,0,0,0,0,0,0,0,0,FRIEND,0,0,0,0,NO_ACTION,0,SYNTHETIC,TRAIN,ANNOTATED,Synthetic legitimate example; no deceptive social-engineering intent.
M0281,Scheduled maintenance will affect net banking from 1:00 AM to 3:00 AM tonight. No action is required.,LEGITIMATE,NONE,ENGLISH,SMS,0,0,0,0,0,0,0,0,0,0,0,0,BANK,0,0,0,0,NO_ACTION,0,SYNTHETIC,TRAIN,ANNOTATED,Synthetic legitimate example; no deceptive social-engineering intent.
M0282,आपका पार्सल आज डिलीवरी के लिए भेज दिया गया है।,LEGITIMATE,NONE,HINDI,EMAIL,0,0,0,0,0,0,0,0,0,0,0,0,DELIVERY,0,0,0,0,NO_ACTION,0,SYNTHETIC,TRAIN,ANNOTATED,Synthetic legitimate example; no deceptive social-engineering intent.
M0283,Aapka order #86064 ship ho gaya hai. Delivery status official app mein check kar sakte ho.,LEGITIMATE,NONE,HINGLISH,EMAIL,0,0,0,0,0,0,0,0,0,0,0,0,MERCHANT,0,0,0,0,NO_ACTION,0,SYNTHETIC,TRAIN,ANNOTATED,Synthetic legitimate example; no deceptive social-engineering intent.
M0284,Scheduled maintenance will affect net banking from 1:00 AM to 3:00 AM tonight. No action is required.,LEGITIMATE,NONE,ENGLISH,SMS,0,0,0,0,0,0,0,0,0,0,0,0,BANK,0,0,0,0,NO_ACTION,0,SYNTHETIC,TRAIN,ANNOTATED,Synthetic legitimate example; no deceptive social-engineering intent.
M0285,Aapka monthly statement official banking app mein available hai. Jab convenient ho tab check kar lena.,LEGITIMATE,NONE,HINGLISH,SMS,0,0,0,0,0,0,0,0,0,0,0,0,BANK,0,0,0,0,NO_ACTION,0,SYNTHETIC,TRAIN,ANNOTATED,Synthetic legitimate example; no deceptive social-engineering intent.
M0286,Interview kal 10 baje scheduled hai. Please requested documents saath le aana.,LEGITIMATE,NONE,HINGLISH,SMS,0,0,0,0,0,0,0,0,0,0,0,0,EMPLOYER,0,0,0,0,NO_ACTION,0,SYNTHETIC,TRAIN,ANNOTATED,Synthetic legitimate example; no deceptive social-engineering intent.
M0287,"Aaj class ke notes mil jaaye toh mujhe bhej dena, jab time mile.",LEGITIMATE,NONE,HINGLISH,EMAIL,0,0,0,0,0,0,0,0,0,0,0,0,FRIEND,0,0,0,0,NO_ACTION,0,SYNTHETIC,TRAIN,ANNOTATED,Synthetic legitimate example; no deceptive social-engineering intent.
M0288,Interview kal 10 baje scheduled hai. Please requested documents saath le aana.,LEGITIMATE,NONE,HINGLISH,EMAIL,0,0,0,0,0,0,0,0,0,0,0,0,EMPLOYER,0,0,0,0,NO_ACTION,0,SYNTHETIC,TRAIN,ANNOTATED,Synthetic legitimate example; no deceptive social-engineering intent.
M0289,Reminder: the interview is scheduled for tomorrow at 10 AM. Please bring the requested documents.,LEGITIMATE,NONE,ENGLISH,CHAT,0,0,0,0,0,0,0,0,0,0,0,0,EMPLOYER,0,0,0,0,NO_ACTION,0,SYNTHETIC,TRAIN,ANNOTATED,Synthetic legitimate example; no deceptive social-engineering intent.
M0290,Aapka parcel aaj delivery ke liye out hai. Courier registered address par attempt karega.,LEGITIMATE,NONE,HINGLISH,SMS,0,0,0,0,0,0,0,0,0,0,0,0,DELIVERY,0,0,0,0,NO_ACTION,0,SYNTHETIC,TRAIN,ANNOTATED,Synthetic legitimate example; no deceptive social-engineering intent.
M0291,आपका पार्सल आज डिलीवरी के लिए भेज दिया गया है।,LEGITIMATE,NONE,HINDI,SMS,0,0,0,0,0,0,0,0,0,0,0,0,DELIVERY,0,0,0,0,NO_ACTION,0,SYNTHETIC,TRAIN,ANNOTATED,Synthetic legitimate example; no deceptive social-engineering intent.
M0292,"Aapka electricity bill ₹25,000 ka hai aur 15 tareekh ko due hai. Official provider app se pay kar sakte ho.",LEGITIMATE,NONE,HINGLISH,EMAIL,0,0,0,1,0,0,0,0,0,0,0,0,SERVICE,0,1,0,0,REVIEW_OR_NO_ACTION,0,SYNTHETIC,TRAIN,ANNOTATED,Synthetic legitimate example; no deceptive social-engineering intent.
M0293,साक्षात्कार कल सुबह 10 बजे निर्धारित है। कृपया आवश्यक दस्तावेज साथ लाएं।,LEGITIMATE,NONE,HINDI,EMAIL,0,0,0,0,0,0,0,0,0,0,0,0,EMPLOYER,0,0,0,0,NO_ACTION,0,SYNTHETIC,TRAIN,ANNOTATED,Synthetic legitimate example; no deceptive social-engineering intent.
M0294,साक्षात्कार कल सुबह 10 बजे निर्धारित है। कृपया आवश्यक दस्तावेज साथ लाएं।,LEGITIMATE,NONE,HINDI,EMAIL,0,0,0,0,0,0,0,0,0,0,0,0,EMPLOYER,0,0,0,0,NO_ACTION,0,SYNTHETIC,TRAIN,ANNOTATED,Synthetic legitimate example; no deceptive social-engineering intent.
M0295,मैं सुरक्षित घर पहुंच गया हूं। जब आओ तो खाना तैयार है।,LEGITIMATE,NONE,HINDI,EMAIL,0,0,0,0,0,0,0,0,0,0,0,0,FAMILY,0,0,0,0,NO_ACTION,0,SYNTHETIC,TRAIN,ANNOTATED,Synthetic legitimate example; no deceptive social-engineering intent.
M0296,"Your debit card was used for a purchase of ₹4,999 at a merchant. If you made this transaction, no action is needed.",LEGITIMATE,NONE,ENGLISH,EMAIL,0,0,0,1,0,0,0,0,0,0,0,0,BANK,0,1,0,0,REVIEW_OR_NO_ACTION,0,SYNTHETIC,TRAIN,ANNOTATED,Synthetic legitimate example; no deceptive social-engineering intent.
M0297,Aapka monthly statement official banking app mein available hai. Jab convenient ho tab check kar lena.,LEGITIMATE,NONE,HINGLISH,EMAIL,0,0,0,0,0,0,0,0,0,0,0,0,BANK,0,0,0,0,NO_ACTION,0,SYNTHETIC,TRAIN,ANNOTATED,Synthetic legitimate example; no deceptive social-engineering intent.
M0298,साक्षात्कार कल सुबह 10 बजे निर्धारित है। कृपया आवश्यक दस्तावेज साथ लाएं।,LEGITIMATE,NONE,HINDI,CHAT,0,0,0,0,0,0,0,0,0,0,0,0,EMPLOYER,0,0,0,0,NO_ACTION,0,SYNTHETIC,TRAIN,ANNOTATED,Synthetic legitimate example; no deceptive social-engineering intent.
M0299,"Aaj class ke notes mil jaaye toh mujhe bhej dena, jab time mile.",LEGITIMATE,NONE,HINGLISH,CHAT,0,0,0,0,0,0,0,0,0,0,0,0,FRIEND,0,0,0,0,NO_ACTION,0,SYNTHETIC,TRAIN,ANNOTATED,Synthetic legitimate example; no deceptive social-engineering intent.
M0300,Reminder: the interview is scheduled for tomorrow at 10 AM. Please bring the requested documents.,LEGITIMATE,NONE,ENGLISH,SMS,0,0,0,0,0,0,0,0,0,0,0,0,EMPLOYER,0,0,0,0,NO_ACTION,0,SYNTHETIC,TRAIN,ANNOTATED,Synthetic legitimate example; no deceptive social-engineering intent.
M0301,Can you send me the notes from today's class when you get a chance?,LEGITIMATE,NONE,ENGLISH,CHAT,0,0,0,0,0,0,0,0,0,0,0,0,FRIEND,0,0,0,0,NO_ACTION,0,SYNTHETIC,TRAIN,ANNOTATED,Synthetic legitimate example; no deceptive social-engineering intent.
M0302,Your order #96760 has been shipped. Track delivery from the retailer's official app.,LEGITIMATE,NONE,ENGLISH,EMAIL,0,0,0,0,0,0,0,0,0,0,0,0,MERCHANT,0,0,0,0,NO_ACTION,0,SYNTHETIC,TRAIN,ANNOTATED,Synthetic legitimate example; no deceptive social-engineering intent.
M0303,Your parcel is out for delivery today. The courier will attempt delivery at your registered address.,LEGITIMATE,NONE,ENGLISH,SMS,0,0,0,0,0,0,0,0,0,0,0,0,DELIVERY,0,0,0,0,NO_ACTION,0,SYNTHETIC,TRAIN,ANNOTATED,Synthetic legitimate example; no deceptive social-engineering intent.
M0304,मैं सुरक्षित घर पहुंच गया हूं। जब आओ तो खाना तैयार है।,LEGITIMATE,NONE,HINDI,CHAT,0,0,0,0,0,0,0,0,0,0,0,0,FAMILY,0,0,0,0,NO_ACTION,0,SYNTHETIC,TRAIN,ANNOTATED,Synthetic legitimate example; no deceptive social-engineering intent.
M0305,Aaj raat 1 se 3 baje tak net banking maintenance rahega. Aapko koi action lene ki zarurat nahi hai.,LEGITIMATE,NONE,HINGLISH,CHAT,0,0,0,0,0,0,0,0,0,0,0,0,BANK,0,0,0,0,NO_ACTION,0,SYNTHETIC,TRAIN,ANNOTATED,Synthetic legitimate example; no deceptive social-engineering intent.
M0306,"आपका बिजली बिल ₹50,000 का है और 15 तारीख को देय है। आधिकारिक ऐप से भुगतान कर सकते हैं।",LEGITIMATE,NONE,HINDI,SMS,0,0,0,0,0,0,0,0,0,0,0,0,SERVICE,0,0,0,0,NO_ACTION,0,SYNTHETIC,TRAIN,ANNOTATED,Synthetic legitimate example; no deceptive social-engineering intent.
M0307,A new statement is available in your banking app. We will never ask for your PIN or OTP by message.,LEGITIMATE,NONE,ENGLISH,EMAIL,0,0,0,0,0,0,0,0,0,0,0,0,BANK,0,0,0,0,NO_ACTION,0,SYNTHETIC,TRAIN,ANNOTATED,Synthetic legitimate example; no deceptive social-engineering intent.
M0308,आपका मासिक बैंक स्टेटमेंट आधिकारिक ऐप में उपलब्ध है। सुविधा के अनुसार उसे देखें।,LEGITIMATE,NONE,HINDI,CHAT,0,0,0,0,0,0,0,0,0,0,0,0,BANK,0,0,0,0,NO_ACTION,0,SYNTHETIC,TRAIN,ANNOTATED,Synthetic legitimate example; no deceptive social-engineering intent.
M0309,"Aaj class ke notes mil jaaye toh mujhe bhej dena, jab time mile.",LEGITIMATE,NONE,HINGLISH,EMAIL,0,0,0,0,0,0,0,0,0,0,0,0,FRIEND,0,0,0,0,NO_ACTION,0,SYNTHETIC,TRAIN,ANNOTATED,Synthetic legitimate example; no deceptive social-engineering intent.
M0310,Your parcel is out for delivery today. The courier will attempt delivery at your registered address.,LEGITIMATE,NONE,ENGLISH,CHAT,0,0,0,0,0,0,0,0,0,0,0,0,DELIVERY,0,0,0,0,NO_ACTION,0,SYNTHETIC,TRAIN,ANNOTATED,Synthetic legitimate example; no deceptive social-engineering intent.
M0311,Aaj raat 1 se 3 baje tak net banking maintenance rahega. Aapko koi action lene ki zarurat nahi hai.,LEGITIMATE,NONE,HINGLISH,CHAT,0,0,0,0,0,0,0,0,0,0,0,0,BANK,0,0,0,0,NO_ACTION,0,SYNTHETIC,TRAIN,ANNOTATED,Synthetic legitimate example; no deceptive social-engineering intent.
M0312,"Your debit card was used for a purchase of ₹1,499 at a merchant. If you made this transaction, no action is needed.",LEGITIMATE,NONE,ENGLISH,EMAIL,0,0,0,1,0,0,0,0,0,0,0,0,BANK,0,1,0,0,REVIEW_OR_NO_ACTION,0,SYNTHETIC,TRAIN,ANNOTATED,Synthetic legitimate example; no deceptive social-engineering intent.
M0313,Your parcel is out for delivery today. The courier will attempt delivery at your registered address.,LEGITIMATE,NONE,ENGLISH,CHAT,0,0,0,0,0,0,0,0,0,0,0,0,DELIVERY,0,0,0,0,NO_ACTION,0,SYNTHETIC,TRAIN,ANNOTATED,Synthetic legitimate example; no deceptive social-engineering intent.
M0314,Aaj raat 1 se 3 baje tak net banking maintenance rahega. Aapko koi action lene ki zarurat nahi hai.,LEGITIMATE,NONE,HINGLISH,CHAT,0,0,0,0,0,0,0,0,0,0,0,0,BANK,0,0,0,0,NO_ACTION,0,SYNTHETIC,TRAIN,ANNOTATED,Synthetic legitimate example; no deceptive social-engineering intent.
M0315,"Aaj class ke notes mil jaaye toh mujhe bhej dena, jab time mile.",LEGITIMATE,NONE,HINGLISH,SMS,0,0,0,0,0,0,0,0,0,0,0,0,FRIEND,0,0,0,0,NO_ACTION,0,SYNTHETIC,TRAIN,ANNOTATED,Synthetic legitimate example; no deceptive social-engineering intent.
M0316,Aaj raat 1 se 3 baje tak net banking maintenance rahega. Aapko koi action lene ki zarurat nahi hai.,LEGITIMATE,NONE,HINGLISH,SMS,0,0,0,0,0,0,0,0,0,0,0,0,BANK,0,0,0,0,NO_ACTION,0,SYNTHETIC,TRAIN,ANNOTATED,Synthetic legitimate example; no deceptive social-engineering intent.
M0317,मैं सुरक्षित घर पहुंच गया हूं। जब आओ तो खाना तैयार है।,LEGITIMATE,NONE,HINDI,SMS,0,0,0,0,0,0,0,0,0,0,0,0,FAMILY,0,0,0,0,NO_ACTION,0,SYNTHETIC,TRAIN,ANNOTATED,Synthetic legitimate example; no deceptive social-engineering intent.
M0318,A new statement is available in your banking app. We will never ask for your PIN or OTP by message.,LEGITIMATE,NONE,ENGLISH,CHAT,0,0,0,0,0,0,0,0,0,0,0,0,BANK,0,0,0,0,NO_ACTION,0,SYNTHETIC,TRAIN,ANNOTATED,Synthetic legitimate example; no deceptive social-engineering intent.
M0319,Interview kal 10 baje scheduled hai. Please requested documents saath le aana.,LEGITIMATE,NONE,HINGLISH,CHAT,0,0,0,0,0,0,0,0,0,0,0,0,EMPLOYER,0,0,0,0,NO_ACTION,0,SYNTHETIC,TRAIN,ANNOTATED,Synthetic legitimate example; no deceptive social-engineering intent.
M0320,I reached home safely. Dinner is ready whenever you arrive.,LEGITIMATE,NONE,ENGLISH,EMAIL,0,0,0,0,0,0,0,0,0,0,0,0,FAMILY,0,0,0,0,NO_ACTION,0,SYNTHETIC,TRAIN,ANNOTATED,Synthetic legitimate example; no deceptive social-engineering intent.
M0321,"Aaj class ke notes mil jaaye toh mujhe bhej dena, jab time mile.",LEGITIMATE,NONE,HINGLISH,SMS,0,0,0,0,0,0,0,0,0,0,0,0,FRIEND,0,0,0,0,NO_ACTION,0,SYNTHETIC,TRAIN,ANNOTATED,Synthetic legitimate example; no deceptive social-engineering intent.
M0322,A new statement is available in your banking app. We will never ask for your PIN or OTP by message.,LEGITIMATE,NONE,ENGLISH,CHAT,0,0,0,0,0,0,0,0,0,0,0,0,BANK,0,0,0,0,NO_ACTION,0,SYNTHETIC,TRAIN,ANNOTATED,Synthetic legitimate example; no deceptive social-engineering intent.
M0323,आपका पार्सल आज डिलीवरी के लिए भेज दिया गया है।,LEGITIMATE,NONE,HINDI,CHAT,0,0,0,0,0,0,0,0,0,0,0,0,DELIVERY,0,0,0,0,NO_ACTION,0,SYNTHETIC,TRAIN,ANNOTATED,Synthetic legitimate example; no deceptive social-engineering intent.
M0324,आज रात नेट बैंकिंग पर रखरखाव होगा। आपको कोई कार्रवाई करने की आवश्यकता नहीं है।,LEGITIMATE,NONE,HINDI,EMAIL,0,0,0,0,0,0,0,0,0,0,0,0,BANK,0,0,0,0,NO_ACTION,0,SYNTHETIC,TRAIN,ANNOTATED,Synthetic legitimate example; no deceptive social-engineering intent.
M0325,Can you send me the notes from today's class when you get a chance?,LEGITIMATE,NONE,ENGLISH,SMS,0,0,0,0,0,0,0,0,0,0,0,0,FRIEND,0,0,0,0,NO_ACTION,0,SYNTHETIC,TRAIN,ANNOTATED,Synthetic legitimate example; no deceptive social-engineering intent.
M0326,आज रात नेट बैंकिंग पर रखरखाव होगा। आपको कोई कार्रवाई करने की आवश्यकता नहीं है।,LEGITIMATE,NONE,HINDI,CHAT,0,0,0,0,0,0,0,0,0,0,0,0,BANK,0,0,0,0,NO_ACTION,0,SYNTHETIC,TRAIN,ANNOTATED,Synthetic legitimate example; no deceptive social-engineering intent.
M0327,Reminder: the interview is scheduled for tomorrow at 10 AM. Please bring the requested documents.,LEGITIMATE,NONE,ENGLISH,SMS,0,0,0,0,0,0,0,0,0,0,0,0,EMPLOYER,0,0,0,0,NO_ACTION,0,SYNTHETIC,TRAIN,ANNOTATED,Synthetic legitimate example; no deceptive social-engineering intent.
M0328,"Aaj class ke notes mil jaaye toh mujhe bhej dena, jab time mile.",LEGITIMATE,NONE,HINGLISH,SMS,0,0,0,0,0,0,0,0,0,0,0,0,FRIEND,0,0,0,0,NO_ACTION,0,SYNTHETIC,TRAIN,ANNOTATED,Synthetic legitimate example; no deceptive social-engineering intent.
M0329,आपका पार्सल आज डिलीवरी के लिए भेज दिया गया है।,LEGITIMATE,NONE,HINDI,EMAIL,0,0,0,0,0,0,0,0,0,0,0,0,DELIVERY,0,0,0,0,NO_ACTION,0,SYNTHETIC,TRAIN,ANNOTATED,Synthetic legitimate example; no deceptive social-engineering intent.
M0330,Your monthly account statement is available in the official banking app. Please review it when convenient.,LEGITIMATE,NONE,ENGLISH,SMS,0,0,0,0,0,0,0,0,0,0,0,0,BANK,0,0,0,0,NO_ACTION,0,SYNTHETIC,TRAIN,ANNOTATED,Synthetic legitimate example; no deceptive social-engineering intent.
M0331,समय मिलने पर आज की कक्षा के नोट्स मुझे भेज देना।,LEGITIMATE,NONE,HINDI,CHAT,0,0,0,0,0,0,0,0,0,0,0,0,FRIEND,0,0,0,0,NO_ACTION,0,SYNTHETIC,TRAIN,ANNOTATED,Synthetic legitimate example; no deceptive social-engineering intent.
M0332,Your parcel is out for delivery today. The courier will attempt delivery at your registered address.,LEGITIMATE,NONE,ENGLISH,CHAT,0,0,0,0,0,0,0,0,0,0,0,0,DELIVERY,0,0,0,0,NO_ACTION,0,SYNTHETIC,TRAIN,ANNOTATED,Synthetic legitimate example; no deceptive social-engineering intent.
M0333,आपका पार्सल आज डिलीवरी के लिए भेज दिया गया है।,LEGITIMATE,NONE,HINDI,EMAIL,0,0,0,0,0,0,0,0,0,0,0,0,DELIVERY,0,0,0,0,NO_ACTION,0,SYNTHETIC,TRAIN,ANNOTATED,Synthetic legitimate example; no deceptive social-engineering intent.
M0334,Main safely ghar pahunch gaya hoon. Jab aao dinner ready hai.,LEGITIMATE,NONE,HINGLISH,EMAIL,0,0,0,0,0,0,0,0,0,0,0,0,FAMILY,0,0,0,0,NO_ACTION,0,SYNTHETIC,TRAIN,ANNOTATED,Synthetic legitimate example; no deceptive social-engineering intent.
M0335,"आपका बिजली बिल ₹50,000 का है और 15 तारीख को देय है। आधिकारिक ऐप से भुगतान कर सकते हैं।",LEGITIMATE,NONE,HINDI,SMS,0,0,0,0,0,0,0,0,0,0,0,0,SERVICE,0,0,0,0,NO_ACTION,0,SYNTHETIC,TRAIN,ANNOTATED,Synthetic legitimate example; no deceptive social-engineering intent.
M0336,Scheduled maintenance will affect net banking from 1:00 AM to 3:00 AM tonight. No action is required.,LEGITIMATE,NONE,ENGLISH,CHAT,0,0,0,0,0,0,0,0,0,0,0,0,BANK,0,0,0,0,NO_ACTION,0,SYNTHETIC,TRAIN,ANNOTATED,Synthetic legitimate example; no deceptive social-engineering intent.
M0337,"Aaj class ke notes mil jaaye toh mujhe bhej dena, jab time mile.",LEGITIMATE,NONE,HINGLISH,CHAT,0,0,0,0,0,0,0,0,0,0,0,0,FRIEND,0,0,0,0,NO_ACTION,0,SYNTHETIC,TRAIN,ANNOTATED,Synthetic legitimate example; no deceptive social-engineering intent.
M0338,Scheduled maintenance will affect net banking from 1:00 AM to 3:00 AM tonight. No action is required.,LEGITIMATE,NONE,ENGLISH,SMS,0,0,0,0,0,0,0,0,0,0,0,0,BANK,0,0,0,0,NO_ACTION,0,SYNTHETIC,TRAIN,ANNOTATED,Synthetic legitimate example; no deceptive social-engineering intent.
M0339,आपका पार्सल आज डिलीवरी के लिए भेज दिया गया है।,LEGITIMATE,NONE,HINDI,CHAT,0,0,0,0,0,0,0,0,0,0,0,0,DELIVERY,0,0,0,0,NO_ACTION,0,SYNTHETIC,TRAIN,ANNOTATED,Synthetic legitimate example; no deceptive social-engineering intent.
M0340,Aapka parcel aaj delivery ke liye out hai. Courier registered address par attempt karega.,LEGITIMATE,NONE,HINGLISH,CHAT,0,0,0,0,0,0,0,0,0,0,0,0,DELIVERY,0,0,0,0,NO_ACTION,0,SYNTHETIC,TRAIN,ANNOTATED,Synthetic legitimate example; no deceptive social-engineering intent.
M0341,Reminder: the interview is scheduled for tomorrow at 10 AM. Please bring the requested documents.,LEGITIMATE,NONE,ENGLISH,EMAIL,0,0,0,0,0,0,0,0,0,0,0,0,EMPLOYER,0,0,0,0,NO_ACTION,0,SYNTHETIC,TRAIN,ANNOTATED,Synthetic legitimate example; no deceptive social-engineering intent.
M0342,Your electricity bill of ₹999 is due on the 15th. You can pay through the official provider app.,LEGITIMATE,NONE,ENGLISH,CHAT,0,0,0,1,0,0,0,0,0,0,0,0,SERVICE,0,1,0,0,REVIEW_OR_NO_ACTION,0,SYNTHETIC,TRAIN,ANNOTATED,Synthetic legitimate example; no deceptive social-engineering intent.
M0343,आज रात नेट बैंकिंग पर रखरखाव होगा। आपको कोई कार्रवाई करने की आवश्यकता नहीं है।,LEGITIMATE,NONE,HINDI,CHAT,0,0,0,0,0,0,0,0,0,0,0,0,BANK,0,0,0,0,NO_ACTION,0,SYNTHETIC,TRAIN,ANNOTATED,Synthetic legitimate example; no deceptive social-engineering intent.
M0344,Your order #52981 has been shipped. Track delivery from the retailer's official app.,LEGITIMATE,NONE,ENGLISH,CHAT,0,0,0,0,0,0,0,0,0,0,0,0,MERCHANT,0,0,0,0,NO_ACTION,0,SYNTHETIC,TRAIN,ANNOTATED,Synthetic legitimate example; no deceptive social-engineering intent.
M0345,A new statement is available in your banking app. We will never ask for your PIN or OTP by message.,LEGITIMATE,NONE,ENGLISH,CHAT,0,0,0,0,0,0,0,0,0,0,0,0,BANK,0,0,0,0,NO_ACTION,0,SYNTHETIC,TRAIN,ANNOTATED,Synthetic legitimate example; no deceptive social-engineering intent.
M0346,Reminder: the interview is scheduled for tomorrow at 10 AM. Please bring the requested documents.,LEGITIMATE,NONE,ENGLISH,SMS,0,0,0,0,0,0,0,0,0,0,0,0,EMPLOYER,0,0,0,0,NO_ACTION,0,SYNTHETIC,TRAIN,ANNOTATED,Synthetic legitimate example; no deceptive social-engineering intent.
M0347,समय मिलने पर आज की कक्षा के नोट्स मुझे भेज देना।,LEGITIMATE,NONE,HINDI,CHAT,0,0,0,0,0,0,0,0,0,0,0,0,FRIEND,0,0,0,0,NO_ACTION,0,SYNTHETIC,TRAIN,ANNOTATED,Synthetic legitimate example; no deceptive social-engineering intent.
M0348,आपका पार्सल आज डिलीवरी के लिए भेज दिया गया है।,LEGITIMATE,NONE,HINDI,EMAIL,0,0,0,0,0,0,0,0,0,0,0,0,DELIVERY,0,0,0,0,NO_ACTION,0,SYNTHETIC,TRAIN,ANNOTATED,Synthetic legitimate example; no deceptive social-engineering intent.
M0349,Aapka order #77251 ship ho gaya hai. Delivery status official app mein check kar sakte ho.,LEGITIMATE,NONE,HINGLISH,EMAIL,0,0,0,0,0,0,0,0,0,0,0,0,MERCHANT,0,0,0,0,NO_ACTION,0,SYNTHETIC,TRAIN,ANNOTATED,Synthetic legitimate example; no deceptive social-engineering intent.
M0350,Reminder: the interview is scheduled for tomorrow at 10 AM. Please bring the requested documents.,LEGITIMATE,NONE,ENGLISH,EMAIL,0,0,0,0,0,0,0,0,0,0,0,0,EMPLOYER,0,0,0,0,NO_ACTION,0,SYNTHETIC,TRAIN,ANNOTATED,Synthetic legitimate example; no deceptive social-engineering intent.
M0351,Interview kal 10 baje scheduled hai. Please requested documents saath le aana.,LEGITIMATE,NONE,HINGLISH,SMS,0,0,0,0,0,0,0,0,0,0,0,0,EMPLOYER,0,0,0,0,NO_ACTION,0,SYNTHETIC,TRAIN,ANNOTATED,Synthetic legitimate example; no deceptive social-engineering intent.
M0352,"आपका बिजली बिल ₹10,000 का है और 15 तारीख को देय है। आधिकारिक ऐप से भुगतान कर सकते हैं।",LEGITIMATE,NONE,HINDI,EMAIL,0,0,0,0,0,0,0,0,0,0,0,0,SERVICE,0,0,0,0,NO_ACTION,0,SYNTHETIC,TRAIN,ANNOTATED,Synthetic legitimate example; no deceptive social-engineering intent.
M0353,Scheduled maintenance will affect net banking from 1:00 AM to 3:00 AM tonight. No action is required.,LEGITIMATE,NONE,ENGLISH,CHAT,0,0,0,0,0,0,0,0,0,0,0,0,BANK,0,0,0,0,NO_ACTION,0,SYNTHETIC,TRAIN,ANNOTATED,Synthetic legitimate example; no deceptive social-engineering intent.
M0354,Aaj raat 1 se 3 baje tak net banking maintenance rahega. Aapko koi action lene ki zarurat nahi hai.,LEGITIMATE,NONE,HINGLISH,SMS,0,0,0,0,0,0,0,0,0,0,0,0,BANK,0,0,0,0,NO_ACTION,0,SYNTHETIC,TRAIN,ANNOTATED,Synthetic legitimate example; no deceptive social-engineering intent.
M0355,"Aaj class ke notes mil jaaye toh mujhe bhej dena, jab time mile.",LEGITIMATE,NONE,HINGLISH,EMAIL,0,0,0,0,0,0,0,0,0,0,0,0,FRIEND,0,0,0,0,NO_ACTION,0,SYNTHETIC,TRAIN,ANNOTATED,Synthetic legitimate example; no deceptive social-engineering intent.
M0356,"Your electricity bill of ₹2,500 is due on the 15th. You can pay through the official provider app.",LEGITIMATE,NONE,ENGLISH,EMAIL,0,0,0,1,0,0,0,0,0,0,0,0,SERVICE,0,1,0,0,REVIEW_OR_NO_ACTION,0,SYNTHETIC,TRAIN,ANNOTATED,Synthetic legitimate example; no deceptive social-engineering intent.
M0357,Reminder: the interview is scheduled for tomorrow at 10 AM. Please bring the requested documents.,LEGITIMATE,NONE,ENGLISH,EMAIL,0,0,0,0,0,0,0,0,0,0,0,0,EMPLOYER,0,0,0,0,NO_ACTION,0,SYNTHETIC,TRAIN,ANNOTATED,Synthetic legitimate example; no deceptive social-engineering intent.
M0358,Your order #44116 has been shipped. Track delivery from the retailer's official app.,LEGITIMATE,NONE,ENGLISH,CHAT,0,0,0,0,0,0,0,0,0,0,0,0,MERCHANT,0,0,0,0,NO_ACTION,0,SYNTHETIC,TRAIN,ANNOTATED,Synthetic legitimate example; no deceptive social-engineering intent.
M0359,I reached home safely. Dinner is ready whenever you arrive.,LEGITIMATE,NONE,ENGLISH,SMS,0,0,0,0,0,0,0,0,0,0,0,0,FAMILY,0,0,0,0,NO_ACTION,0,SYNTHETIC,TRAIN,ANNOTATED,Synthetic legitimate example; no deceptive social-engineering intent.
M0360,Your parcel is out for delivery today. The courier will attempt delivery at your registered address.,LEGITIMATE,NONE,ENGLISH,EMAIL,0,0,0,0,0,0,0,0,0,0,0,0,DELIVERY,0,0,0,0,NO_ACTION,0,SYNTHETIC,TRAIN,ANNOTATED,Synthetic legitimate example; no deceptive social-engineering intent.
M0361,Interview kal 10 baje scheduled hai. Please requested documents saath le aana.,LEGITIMATE,NONE,HINGLISH,EMAIL,0,0,0,0,0,0,0,0,0,0,0,0,EMPLOYER,0,0,0,0,NO_ACTION,0,SYNTHETIC,TRAIN,ANNOTATED,Synthetic legitimate example; no deceptive social-engineering intent.
M0362,Aaj raat 1 se 3 baje tak net banking maintenance rahega. Aapko koi action lene ki zarurat nahi hai.,LEGITIMATE,NONE,HINGLISH,CHAT,0,0,0,0,0,0,0,0,0,0,0,0,BANK,0,0,0,0,NO_ACTION,0,SYNTHETIC,TRAIN,ANNOTATED,Synthetic legitimate example; no deceptive social-engineering intent.
M0363,A new statement is available in your banking app. We will never ask for your PIN or OTP by message.,LEGITIMATE,NONE,ENGLISH,CHAT,0,0,0,0,0,0,0,0,0,0,0,0,BANK,0,0,0,0,NO_ACTION,0,SYNTHETIC,TRAIN,ANNOTATED,Synthetic legitimate example; no deceptive social-engineering intent.
M0364,"Aaj class ke notes mil jaaye toh mujhe bhej dena, jab time mile.",LEGITIMATE,NONE,HINGLISH,SMS,0,0,0,0,0,0,0,0,0,0,0,0,FRIEND,0,0,0,0,NO_ACTION,0,SYNTHETIC,TRAIN,ANNOTATED,Synthetic legitimate example; no deceptive social-engineering intent.
M0365,Can you send me the notes from today's class when you get a chance?,LEGITIMATE,NONE,ENGLISH,EMAIL,0,0,0,0,0,0,0,0,0,0,0,0,FRIEND,0,0,0,0,NO_ACTION,0,SYNTHETIC,TRAIN,ANNOTATED,Synthetic legitimate example; no deceptive social-engineering intent.
M0366,आपका मासिक बैंक स्टेटमेंट आधिकारिक ऐप में उपलब्ध है। सुविधा के अनुसार उसे देखें।,LEGITIMATE,NONE,HINDI,SMS,0,0,0,0,0,0,0,0,0,0,0,0,BANK,0,0,0,0,NO_ACTION,0,SYNTHETIC,TRAIN,ANNOTATED,Synthetic legitimate example; no deceptive social-engineering intent.
M0367,आज रात नेट बैंकिंग पर रखरखाव होगा। आपको कोई कार्रवाई करने की आवश्यकता नहीं है।,LEGITIMATE,NONE,HINDI,CHAT,0,0,0,0,0,0,0,0,0,0,0,0,BANK,0,0,0,0,NO_ACTION,0,SYNTHETIC,TRAIN,ANNOTATED,Synthetic legitimate example; no deceptive social-engineering intent.
M0368,मैं सुरक्षित घर पहुंच गया हूं। जब आओ तो खाना तैयार है।,LEGITIMATE,NONE,HINDI,CHAT,0,0,0,0,0,0,0,0,0,0,0,0,FAMILY,0,0,0,0,NO_ACTION,0,SYNTHETIC,TRAIN,ANNOTATED,Synthetic legitimate example; no deceptive social-engineering intent.
M0369,आपका मासिक बैंक स्टेटमेंट आधिकारिक ऐप में उपलब्ध है। सुविधा के अनुसार उसे देखें।,LEGITIMATE,NONE,HINDI,EMAIL,0,0,0,0,0,0,0,0,0,0,0,0,BANK,0,0,0,0,NO_ACTION,0,SYNTHETIC,TRAIN,ANNOTATED,Synthetic legitimate example; no deceptive social-engineering intent.
M0370,"Your debit card was used for a purchase of ₹50,000 at a merchant. If you made this transaction, no action is needed.",LEGITIMATE,NONE,ENGLISH,EMAIL,0,0,0,1,0,0,0,0,0,0,0,0,BANK,0,1,0,0,REVIEW_OR_NO_ACTION,0,SYNTHETIC,TRAIN,ANNOTATED,Synthetic legitimate example; no deceptive social-engineering intent.
M0371,Aaj raat 1 se 3 baje tak net banking maintenance rahega. Aapko koi action lene ki zarurat nahi hai.,LEGITIMATE,NONE,HINGLISH,EMAIL,0,0,0,0,0,0,0,0,0,0,0,0,BANK,0,0,0,0,NO_ACTION,0,SYNTHETIC,TRAIN,ANNOTATED,Synthetic legitimate example; no deceptive social-engineering intent.
M0372,Reminder: the interview is scheduled for tomorrow at 10 AM. Please bring the requested documents.,LEGITIMATE,NONE,ENGLISH,SMS,0,0,0,0,0,0,0,0,0,0,0,0,EMPLOYER,0,0,0,0,NO_ACTION,0,SYNTHETIC,TRAIN,ANNOTATED,Synthetic legitimate example; no deceptive social-engineering intent.
M0373,Your order #49862 has been shipped. Track delivery from the retailer's official app.,LEGITIMATE,NONE,ENGLISH,SMS,0,0,0,0,0,0,0,0,0,0,0,0,MERCHANT,0,0,0,0,NO_ACTION,0,SYNTHETIC,TRAIN,ANNOTATED,Synthetic legitimate example; no deceptive social-engineering intent.
M0374,Aapka monthly statement official banking app mein available hai. Jab convenient ho tab check kar lena.,LEGITIMATE,NONE,HINGLISH,CHAT,0,0,0,0,0,0,0,0,0,0,0,0,BANK,0,0,0,0,NO_ACTION,0,SYNTHETIC,TRAIN,ANNOTATED,Synthetic legitimate example; no deceptive social-engineering intent.
M0375,"Your debit card was used for a purchase of ₹4,999 at a merchant. If you made this transaction, no action is needed.",LEGITIMATE,NONE,ENGLISH,EMAIL,0,0,0,1,0,0,0,0,0,0,0,0,BANK,0,1,0,0,REVIEW_OR_NO_ACTION,0,SYNTHETIC,TRAIN,ANNOTATED,Synthetic legitimate example; no deceptive social-engineering intent.
M0376,"Your electricity bill of ₹1,499 is due on the 15th. You can pay through the official provider app.",LEGITIMATE,NONE,ENGLISH,EMAIL,0,0,0,1,0,0,0,0,0,0,0,0,SERVICE,0,1,0,0,REVIEW_OR_NO_ACTION,0,SYNTHETIC,TRAIN,ANNOTATED,Synthetic legitimate example; no deceptive social-engineering intent.
M0377,Aapka electricity bill ₹999 ka hai aur 15 tareekh ko due hai. Official provider app se pay kar sakte ho.,LEGITIMATE,NONE,HINGLISH,SMS,0,0,0,1,0,0,0,0,0,0,0,0,SERVICE,0,1,0,0,REVIEW_OR_NO_ACTION,0,SYNTHETIC,TRAIN,ANNOTATED,Synthetic legitimate example; no deceptive social-engineering intent.
M0378,आपका मासिक बैंक स्टेटमेंट आधिकारिक ऐप में उपलब्ध है। सुविधा के अनुसार उसे देखें।,LEGITIMATE,NONE,HINDI,EMAIL,0,0,0,0,0,0,0,0,0,0,0,0,BANK,0,0,0,0,NO_ACTION,0,SYNTHETIC,TRAIN,ANNOTATED,Synthetic legitimate example; no deceptive social-engineering intent.
M0379,समय मिलने पर आज की कक्षा के नोट्स मुझे भेज देना।,LEGITIMATE,NONE,HINDI,SMS,0,0,0,0,0,0,0,0,0,0,0,0,FRIEND,0,0,0,0,NO_ACTION,0,SYNTHETIC,TRAIN,ANNOTATED,Synthetic legitimate example; no deceptive social-engineering intent.
M0380,"Your debit card was used for a purchase of ₹499 at a merchant. If you made this transaction, no action is needed.",LEGITIMATE,NONE,ENGLISH,CHAT,0,0,0,1,0,0,0,0,0,0,0,0,BANK,0,1,0,0,REVIEW_OR_NO_ACTION,0,SYNTHETIC,TRAIN,ANNOTATED,Synthetic legitimate example; no deceptive social-engineering intent.
M0381,आपका पार्सल आज डिलीवरी के लिए भेज दिया गया है।,LEGITIMATE,NONE,HINDI,EMAIL,0,0,0,0,0,0,0,0,0,0,0,0,DELIVERY,0,0,0,0,NO_ACTION,0,SYNTHETIC,TRAIN,ANNOTATED,Synthetic legitimate example; no deceptive social-engineering intent.
M0382,आपका पार्सल आज डिलीवरी के लिए भेज दिया गया है।,LEGITIMATE,NONE,HINDI,EMAIL,0,0,0,0,0,0,0,0,0,0,0,0,DELIVERY,0,0,0,0,NO_ACTION,0,SYNTHETIC,TRAIN,ANNOTATED,Synthetic legitimate example; no deceptive social-engineering intent.
M0383,A new statement is available in your banking app. We will never ask for your PIN or OTP by message.,LEGITIMATE,NONE,ENGLISH,EMAIL,0,0,0,0,0,0,0,0,0,0,0,0,BANK,0,0,0,0,NO_ACTION,0,SYNTHETIC,TRAIN,ANNOTATED,Synthetic legitimate example; no deceptive social-engineering intent.
M0384,Aapka order #69446 ship ho gaya hai. Delivery status official app mein check kar sakte ho.,LEGITIMATE,NONE,HINGLISH,EMAIL,0,0,0,0,0,0,0,0,0,0,0,0,MERCHANT,0,0,0,0,NO_ACTION,0,SYNTHETIC,TRAIN,ANNOTATED,Synthetic legitimate example; no deceptive social-engineering intent.
M0385,Scheduled maintenance will affect net banking from 1:00 AM to 3:00 AM tonight. No action is required.,LEGITIMATE,NONE,ENGLISH,CHAT,0,0,0,0,0,0,0,0,0,0,0,0,BANK,0,0,0,0,NO_ACTION,0,SYNTHETIC,TRAIN,ANNOTATED,Synthetic legitimate example; no deceptive social-engineering intent.
M0386,Interview kal 10 baje scheduled hai. Please requested documents saath le aana.,LEGITIMATE,NONE,HINGLISH,SMS,0,0,0,0,0,0,0,0,0,0,0,0,EMPLOYER,0,0,0,0,NO_ACTION,0,SYNTHETIC,TRAIN,ANNOTATED,Synthetic legitimate example; no deceptive social-engineering intent.
M0387,Aapka monthly statement official banking app mein available hai. Jab convenient ho tab check kar lena.,LEGITIMATE,NONE,HINGLISH,SMS,0,0,0,0,0,0,0,0,0,0,0,0,BANK,0,0,0,0,NO_ACTION,0,SYNTHETIC,TRAIN,ANNOTATED,Synthetic legitimate example; no deceptive social-engineering intent.
M0388,"आपका बिजली बिल ₹10,000 का है और 15 तारीख को देय है। आधिकारिक ऐप से भुगतान कर सकते हैं।",LEGITIMATE,NONE,HINDI,SMS,0,0,0,0,0,0,0,0,0,0,0,0,SERVICE,0,0,0,0,NO_ACTION,0,SYNTHETIC,TRAIN,ANNOTATED,Synthetic legitimate example; no deceptive social-engineering intent.
M0389,Aapka monthly statement official banking app mein available hai. Jab convenient ho tab check kar lena.,LEGITIMATE,NONE,HINGLISH,CHAT,0,0,0,0,0,0,0,0,0,0,0,0,BANK,0,0,0,0,NO_ACTION,0,SYNTHETIC,TRAIN,ANNOTATED,Synthetic legitimate example; no deceptive social-engineering intent.
M0390,Interview kal 10 baje scheduled hai. Please requested documents saath le aana.,LEGITIMATE,NONE,HINGLISH,SMS,0,0,0,0,0,0,0,0,0,0,0,0,EMPLOYER,0,0,0,0,NO_ACTION,0,SYNTHETIC,TRAIN,ANNOTATED,Synthetic legitimate example; no deceptive social-engineering intent.
M0391,A new statement is available in your banking app. We will never ask for your PIN or OTP by message.,LEGITIMATE,NONE,ENGLISH,SMS,0,0,0,0,0,0,0,0,0,0,0,0,BANK,0,0,0,0,NO_ACTION,0,SYNTHETIC,TRAIN,ANNOTATED,Synthetic legitimate example; no deceptive social-engineering intent.
M0392,Reminder: the interview is scheduled for tomorrow at 10 AM. Please bring the requested documents.,LEGITIMATE,NONE,ENGLISH,CHAT,0,0,0,0,0,0,0,0,0,0,0,0,EMPLOYER,0,0,0,0,NO_ACTION,0,SYNTHETIC,TRAIN,ANNOTATED,Synthetic legitimate example; no deceptive social-engineering intent.
M0393,I reached home safely. Dinner is ready whenever you arrive.,LEGITIMATE,NONE,ENGLISH,CHAT,0,0,0,0,0,0,0,0,0,0,0,0,FAMILY,0,0,0,0,NO_ACTION,0,SYNTHETIC,TRAIN,ANNOTATED,Synthetic legitimate example; no deceptive social-engineering intent.
M0394,Main safely ghar pahunch gaya hoon. Jab aao dinner ready hai.,LEGITIMATE,NONE,HINGLISH,SMS,0,0,0,0,0,0,0,0,0,0,0,0,FAMILY,0,0,0,0,NO_ACTION,0,SYNTHETIC,TRAIN,ANNOTATED,Synthetic legitimate example; no deceptive social-engineering intent.
M0395,Aapka order #41552 ship ho gaya hai. Delivery status official app mein check kar sakte ho.,LEGITIMATE,NONE,HINGLISH,EMAIL,0,0,0,0,0,0,0,0,0,0,0,0,MERCHANT,0,0,0,0,NO_ACTION,0,SYNTHETIC,TRAIN,ANNOTATED,Synthetic legitimate example; no deceptive social-engineering intent.
M0396,Aaj raat 1 se 3 baje tak net banking maintenance rahega. Aapko koi action lene ki zarurat nahi hai.,LEGITIMATE,NONE,HINGLISH,CHAT,0,0,0,0,0,0,0,0,0,0,0,0,BANK,0,0,0,0,NO_ACTION,0,SYNTHETIC,TRAIN,ANNOTATED,Synthetic legitimate example; no deceptive social-engineering intent.
M0397,आज रात नेट बैंकिंग पर रखरखाव होगा। आपको कोई कार्रवाई करने की आवश्यकता नहीं है।,LEGITIMATE,NONE,HINDI,SMS,0,0,0,0,0,0,0,0,0,0,0,0,BANK,0,0,0,0,NO_ACTION,0,SYNTHETIC,TRAIN,ANNOTATED,Synthetic legitimate example; no deceptive social-engineering intent.
M0398,Your order #27555 has been shipped. Track delivery from the retailer's official app.,LEGITIMATE,NONE,ENGLISH,EMAIL,0,0,0,0,0,0,0,0,0,0,0,0,MERCHANT,0,0,0,0,NO_ACTION,0,SYNTHETIC,TRAIN,ANNOTATED,Synthetic legitimate example; no deceptive social-engineering intent.
M0399,Aaj raat 1 se 3 baje tak net banking maintenance rahega. Aapko koi action lene ki zarurat nahi hai.,LEGITIMATE,NONE,HINGLISH,CHAT,0,0,0,0,0,0,0,0,0,0,0,0,BANK,0,0,0,0,NO_ACTION,0,SYNTHETIC,TRAIN,ANNOTATED,Synthetic legitimate example; no deceptive social-engineering intent.
M0400,Scheduled maintenance will affect net banking from 1:00 AM to 3:00 AM tonight. No action is required.,LEGITIMATE,NONE,ENGLISH,CHAT,0,0,0,0,0,0,0,0,0,0,0,0,BANK,0,0,0,0,NO_ACTION,0,SYNTHETIC,TRAIN,ANNOTATED,Synthetic legitimate example; no deceptive social-engineering intent.
